'http://www.ylighting.com/','http://www.yoox.com/us','http://younkers.com/','http://www.yvesrocherusa.com/control/main/','http://www.zales.com/','http://zooshoo.com/','http://www.zulily.com/','http://www.vestiairecollective.com/','http://www.villeroy-boch.asia/en/','http://www.vincecamuto.com/homepage','http://www.visiondirect.com/lens/default.asp?catid=27087','https://www.vistavapors.com/','http://www.vitacost.com/','http://www.viviscal.com/','https://www.vixpaulahermanny.com/','http://www.volcom.com/','https://www.walgreens.com/','http://www.wawak.com/','http://csnstores.com/','http://www.weibeauty.com/','http://www.westmarine.com/','http://www.westmusic.com/','http://westwardleaning.com/','http://www.wetseal.com/','http://we-wood.us/','https://www.whitehouseblackmarket.com/store/','http://wholesalecostumeclub.com/','http://www.wildfox.com/','http://www.willygoat.com/outdoor/default.asp','https://www.wilsonsleather.com/','http://www.windycitynovelties.com/','http://www.wisefoodstorage.com/','http://www.worldmarket.com/','http://www.worldofwatches.com/','http://www.worldwidegolfshops.com/','http://wristwatch.com/','http://www.ycmc.com/','http://yizzam.com/','https://www.singer22.com/','https://www.skechers.com/en-us/','https://www.skincarebyalana.com/','http://sleepyjones.com/','http://www.smartbargains.com/','http://www.smarthome.com/','http://www.solestruck.com/','http://www.solsticesunglasses.com/','http://intl.soludos.com/','http://www.sorel.com/','http://www.sousvidesupreme.com/','http://www.southmoonunder.com/','http://www.spanx.com/','http://www.spartan.com/','http://www.speedousa.com/','http://spelldesigns/','http://www.sperry.com/en/country','http://www.splendid.com/','http://www.sportsfanfare.com/','http://www.spyder.com/','https://www.ssense.com/','http://stfrank.com/','http://www.stage.com/','http://www.stance.com/home','http://www.staples.com/','http://store.starbucks.com/','https://www.steinmart.com/','http://www.stevemadden.com/','https://www.stilacosmetics.com/','http://streetmoda.com/','http://www.striderite.com/en/home','http://www.stuartweitzman.com/','http://www.stylebop.com/','http://stylemint.com/','https://www.sugarfina.com/','http://sundaysomewhere.com/','http://www.sunglasshut.com/','http://www.superdry.com/','http://www.superga-usa.com/','http://www.surlatable.com/','http://swakdesigns.com/','http://www.swarovski.com/index','https://www.swell.com/','https://www.swimspot.com/','http://www.swimsuitsforall.com/','http://www.switchmodern.com/','http://www.tackledirect.com/','http://www.tactics.com/','http://www.tafford.com/','http://www.talbots.com/','http://tamarcollection.com/','http://tamaramellon.com/','http://tantusinc.com/','http://target.com/','http://www.tbdress.com/','http://www.techforless.com/','http://www.techrabbit.com//','http://www.tedbaker.com/','http://temperleylondon.com/','https://temptu.com/','http://tennisexpress.com/','http://www.shopterrain.com/','http://www.tervis.com/','https://www.tessabit.com/','http://teva.com/','http://www.theartofshaving.com/','http://www.theblackbow.com/','http://www.containerstore.com/welcome.htm','https://www.thedreslyn.com/','http://www.thefryecompany.com/','http://www.homedepot.com/','http://www.landofnod.com/','http://www.thelimited.com/','https://www.themountain.com/','https://www.thenorthface.com/','https://www.theoutnet.com/','http://www.rockport.com/','http://www.theskibum.com/','https://www.thetiebar.com/','http://www.shopthetrendboutique.com/','http://thetwistergroup.com/','http://www.vitaminshoppe.com/store/en/vitamins_minerals/index.jsp','https://www.thewalkingcompany.com/','http://thebodyshop-usa.com/','http://www.theperfumespot.com/','https://www.therafitshoe.com/','http://www.thinkgeek.com/','http://www.threedots.com/404page.html?aspxerrorpath=/home.aspx','http://www.tibi.com/','http://www.ties.com/','http://tiesncuffs.com.au/','https://www.tillys.com/intl/','https://www.timberland.com/','http://www.timetospa.com/','http://global.timex.com/','http://www.tipsyelves.com/','http://tkees.com/','http://toddsnyder.com/','http://global.tommy.com/int/en/collections/tommy-now','http://www.toms.com/','https://www.toofaced.com/','http://www.topman.com/?geoip=home','http://www.toppik.com/','http://www.topshop.com/?geoip=home','http://totaldiabetessupply.com/','http://www.tnvitamins.com/','http://www.toysrus.ca/home/index.jsp?categoryid=2567269','http://www.trailblazersfanshop.com/','http://www.travelcountry.com/','https://trendygolf.com/','http://www.truereligion.com/','http://www.truevalue.com/','https://trueandco.com/','http://www.usoutdoor.com/','http://www.ubiqlife.com/','http://uggaustralia.com/','http://www.ulta.com/','http://unbeatablesale.com/','https://www.underarmour.com/en-bd','https://www.uniqlo.com/us/en/home/','http://www.urbanoutfitters.com/urban/index.jsp','http://www.us-mattress.com/','http://vanityplanet.com/','http://www.vans.com/','http://velvet-tees.co.uk/','http://www.verabradley.com/','http://www.verseo.com/','http://buydig.com/','http://www.buyonlinenow.com/','http://www.bigelowchemists.com/','http://maintenance.cabelas.com/','http://cabinplace.com/','http://www.cafepress.com/','http://www.calendars.com/','https://caliroots.com/','http://www.callawaygolfpreowned.com/on/demandware.store/sites-cgpo4-site/default/default-start','http://cmp.callawaygolf.com/','http://cameta.com/','https://www.camillaandmarc.com/','http://www.campsaver.com/','http://global.canon/en/index.html','http://www.cargocosmetics.com/','http://www.carhartt.com/','https://en.carnetdemode.com/','http://www.carolehochman.com/','http://www.carsons.com/','http://www.carsondellosa.com/','http://www.carters.com/','http://www.interstatemusic.com/','http://cashmereboutique.com/','http://www.cb2.com/','http://www.cbsstore.com/','http://www.cellphonecases.com/','http://cellularcountry.com/','http://www.cellularoutfitter.com/','https://www.cesarsway.com/','http://www.chainreactioncycles.com/','http://www.charbroil.com/','http://www.charlotterusse.com/','http://www.charmingcharlie.com/','http://www.chiccoshop.com/homepage','http://chicnova.com/','https://www.chicos.com/','http://www.chiefsupply.com/','https://www.chineselaundry.com/','http://www.choies.com/','https://www.chrislie.com/','http://www.christopherandbanks.com/','http://cicihot.com/','https://wwws.citruslane.com/','http://www.claetynwood.com/','http://www.claires.co.uk/','http://www.clarks.co.uk/','http://clinchgear.com/','http://www.cocoreefswim.com/','https://www.cocoweb.com/','http://www.coldwatercreek.com/','http://colleenrothschild.com/','http://www.coloradokayak.com/','http://columbia.com/','http://www.comboink.com/default.asp','http://www.compactappliance.com/','http://www.compandsave.com/default.asp','http://www.converse.com/','https://www.cookieskids.com/','https://www.cosabella.com/','http://www.cosmeticamerica.com/default.asp','https://www.costumediscounters.com/','https://www.costumesupercenter.com/','http://cottonon.com/au/','http://www.countryoutfitter.com/','https://www.coyuchi.com/','http://www.cpooutlets.com/','http://www.crabtree-evelyn.com/','https://www.crazydogtshirts.com/','http://www.cr8rec.com/','http://www.crocs.com/on/demandware.store/sites-crocs_us-site/default/home-siteselector','http://www.crucial.com/','http://www.cuddlduds.com/','http://www.cufflinks.com/','http://www.cushe.com/us/en/home','http://www.cutterbuck.com/','http://www.cwimedical.com/','https://dailysteals.com/','http://daintyhooligan.com/','https://www.danielwellington.com/global/','https://www.danskin.com/','http://databazaar.com/','https://davidscookies.com/','http://www.dcshoes.com/','http://www.dealgenius.com/','http://www.dermadoctor.com/','https://dermaflage.com/','http://www.dermstore.com/','http://www.designbyhumans.com/','http://www.designtoscano.com/','http://designer-vault.com/','http://www.designsbystephene.com/','http://www.destinationmaternity.com/','http://www.dexclusive.com/','http://www.diamondsinternational.com/','https://www.diaperdude.com/','http://global.diesel.com/','http://www.dillards.com/','http://store.discovery.com/','https://www.disneystore.com/','http://www.dji.com/','http://www.dkny.com/','http://dl1961.com/','https://dnafootwear.com/','http://domino.com/','http://www.donaldjpliner.com/jump.do?itemtype=errorpage','http://www.dormify.com/','http://www.dorothyperkins.com/?geoip=home','http://drcolbert.com/','http://drjays.com/','https://www.dreamfoambedding.com/','https://www.dressbarn.com/','https://www.walgreens.com/?dscmredirect=1','http://www.durangoboots.com/','http://www.dvf.com/','https://www.dwell.com/','https://www.eastdane.com/','http://www.eastbay.com/ns/message/info.html','http://www.ems.com/','http://www.ebags.com/','http://global.ecco.com/','http://www.eddiebauer.com/','http://www.edressme.com/','http://www.effyjewelry.com/','http://www.elevenparis.com/','http://elietahari.borderfree.com/','http://www.eloquii.com/','http://www.esportsonline.com/','https://www.everlane.com/international','https://store.everydayhappy.com/','http://www.evo.com/account/signin?returnurl=%2faccount%2fsignin%3freturnurl%3d%252faccount%252fsignin%253freturnurl%253d%25252faccount%25252fsignin%25253freturnurl%25253d%2525252faccount%2525252fsignin%2525253freturnurl%2525253d%252525252faccount%252525252fsignin%252525253freturnurl%252525253d%25252525252faccount%25252525252fsignin%25252525253freturnurl%25252525253d%2525252525252faccount%2525252525252fsignin%2525252525253freturnurl%2525252525253d%252525252525252faccount%252525252525252fsignin%252525252525253freturnurl%252525252525253d%25252525252525252faccount%25252525252525252fsignin%25252525252525253freturnurl%25252525252525253d%2525252525252525252faccount%2525252525252525252fsignin%2525252525252525253freturnurl%2525252525252525253d%252525252525252525252faccount%252525252525252525252fsignin%252525252525252525253freturnurl%252525252525252525253d%25252525252525252525252faccount%25252525252525252525252fsignin%25252525252525252525253freturnurl%25252525252525252525253d%2525252525252525252525252faccount%2525252525252525252525252fsignin%2525252525252525252525253freturnurl%2525252525252525252525253d%252525252525252525252525252faccount%252525252525252525252525252fsignin%252525252525252525252525253freturnurl%252525252525252525252525253d%25252525252525252525252525252faccount%25252525252525252525252525252fsignin%25252525252525252525252525253freturnurl%25252525252525252525252525253d%2525252525252525252525252525252faccount%2525252525252525252525252525252fsignin%2525252525252525252525252525253freturnurl%2525252525252525252525252525253d%252525252525252525252525252525252faccount%252525252525252525252525252525252fsignin%252525252525252525252525252525253freturnurl%252525252525252525252525252525253d%25252525252525252525252525252525252faccount%25252525252525252525252525252525252fsignin%25252525252525252525252525252525253freturnurl%25252525252525252525252525252525253d%2525252525252525252525252525252525252f','http://www.ewatches.com/','http://www.executiveessentials.com/','http://www.express.com/','http://www.eyesave.com/','https://fab.com/','http://fabric.com/','https://www.fairwaystyles.com/','http://www.fanatics.com/','https://www.fansedge.com/','https://www.fanzz.com/','https://www.farfetch.com/bd/','http://us.fashionbunker.com/','https://www.fathead.com/','http://faucetface.com/','http://www.ferrari.com/en_en/','http://www.fieldsupply.com/','https://www.finerylondon.com/','<br />
<b>Fatal error</b>:  Maximum execution time of 30 seconds exceeded in <b>E:\xampp\htdocs\r&d\ecurl.php</b> on line <b>16</b><br />
','http://www.focuscamera.com/','http://m.folica.com/500','http://www.follifollie.us.com/','http://www.footlocker.com/','http://www.footwearunlimited.com/error/500.html?aspxerrorpath=/','https://www.foreo.com/','http://www.forever21.com/','http://www.forzieri.com/','http://www.fossil.com//','http://www.fragrancenet.com/','https://global.frankandoak.com/','http://fredasalvador.com/','undefined','undefined','undefined','undefined','undefined','http://www.ylighting.com/','http://www.yoox.com/us','http://younkers.com/','http://www.yvesrocherusa.com/','http://zales.com/','http://zooshoo.com/','http://www.zulily.com/','http://www.vestiairecollective.com/','http://www.vincecamuto.com/homepage','http://www.villeroy-boch.asia/en/','http://www.visiondirect.com/lens/default.asp?catid=27087','https://www.vistavapors.com/','http://www.vitacost.com/','http://www.viviscal.com/','https://www.vixpaulahermanny.com/','http://www.volcom.com/','http://csnstores.com/','https://www.walgreens.com/','http://www.weibeauty.com/','http://westwardleaning.com/','http://www.wawak.com/','http://www.westmusic.com/','http://we-wood.us/','http://www.wetseal.com/','http://www.westmarine.com/','https://www.whitehouseblackmarket.com/','http://wholesalecostumeclub.com/','http://windycitynovelties.com/','<br />
<b>Fatal error</b>:  Maximum execution time of 30 seconds exceeded in <b>E:\xampp\htdocs\r&d\ecurl.php</b> on line <b>16</b><br />
','http://www.worldmarket.com/','http://www.wisefoodstorage.com/','http://www.worldofwatches.com/','http://wristwatch.com/','<br />
<b>Fatal error</b>:  Maximum execution time of 30 seconds exceeded in <b>E:\xampp\htdocs\r&d\ecurl.php</b> on line <b>16</b><br />
','http://www.ycmc.com/','http://yizzam.com/','http://www.worldwidegolfshops.com/','http://sleepyjones.com/','https://www.singer22.com/','https://www.skincarebyalana.com/','https://www.skechers.com/en-us/','http://www.smartbargains.com/','http://www.solestruck.com/','http://www.smarthome.com/','http://www.solsticesunglasses.com/','http://www.sorel.com/','http://www.sousvidesupreme.com/','http://www.spanx.com/','http://www.southmoonunder.com/','http://intl.soludos.com/','http://spelldesigns/','http://www.spartan.com/','http://www.speedousa.com/','http://www.sperry.com/en/country','http://www.sportsfanfare.com/','http://www.splendid.com/','http://stfrank.com/','https://www.ssense.com/','http://store.starbucks.com/','http://www.stance.com/home','http://www.staples.com/','http://www.stage.com/','http://streetmoda.com/','http://www.spyder.com/','http://www.stevemadden.com/','https://www.steinmart.com/','http://stylemint.com/','https://www.stilacosmetics.com/','http://www.stuartweitzman.com/','http://www.stylebop.com/','http://www.superga-usa.com/','http://www.superdry.com/','<br />
<b>Fatal error</b>:  Maximum execution time of 30 seconds exceeded in <b>E:\xampp\htdocs\r&d\ecurl.php</b> on line <b>16</b><br />
','<br />
<b>Fatal error</b>:  Maximum execution time of 30 seconds exceeded in <b>E:\xampp\htdocs\r&d\ecurl.php</b> on line <b>16</b><br />
','http://swarovski.com/','http://swell.com/','http://swimsuitsforall.com/','http://swimspot.com/','http://switchmodern.com/','http://www.talbots.com/','<br />
<b>Fatal error</b>:  Maximum execution time of 30 seconds exceeded in <b>E:\xampp\htdocs\r&d\ecurl.php</b> on line <b>16</b><br />
','http://www.tackledirect.com/','http://tamarcollection.com/','<br />
<b>Fatal error</b>:  Maximum execution time of 30 seconds exceeded in <b>E:\xampp\htdocs\r&d\ecurl.php</b> on line <b>16</b><br />
','http://tamaramellon.com/','http://target.com/','http://tantusinc.com/','http://www.tactics.com/','<br />
<b>Fatal error</b>:  Maximum execution time of 30 seconds exceeded in <b>E:\xampp\htdocs\r&d\ecurl.php</b> on line <b>16</b><br />
','http://tennisexpress.com/','http://www.techforless.com/','http://www.tbdress.com/','http://temperleylondon.com/','http://www.tafford.com/','http://www.tedbaker.com/','http://www.techrabbit.com//','http://teva.com/','https://temptu.com/','http://www.shopterrain.com/','http://www.tervis.com/','http://www.theartofshaving.com/','https://www.tessabit.com/','http://www.theblackbow.com/','http://www.landofnod.com/','https://www.thedreslyn.com/','http://thenorthface.com/','http://www.thelimited.com/','http://www.containerstore.com/welcome.htm','http://theoutnet.com/','http://www.homedepot.com/','http://shopthetrendboutique.com/','http://rockport.com/','http://theskibum.com/','http://thetiebar.com/','http://themountain.me/','http://thetwistergroup.com/','http://vitaminshoppe.com/','http://thewalkingcompany.com/','http://thebodyshop-usa.com/','http://www.ties.com/','http://www.theperfumespot.com/','http://www.tibi.com/','https://www.therafitshoe.com/','http://www.threedots.com/404page.html?aspxerrorpath=/home.aspx','http://www.thinkgeek.com/','http://tiesncuffs.com.au/','https://www.timberland.com/','http://tkees.com/','http://toddsnyder.com/','http://timetospa.com/','http://global.timex.com/','http://www.toms.com/','http://www.topman.com/?geoip=home','https://www.tillys.com/intl/','http://www.tipsyelves.com/','http://www.topshop.com/?geoip=home','http://global.tommy.com/int/en/collections/tommy-now','http://totaldiabetessupply.com/','http://www.toppik.com/','http://trailblazersfanshop.com/','http://travelcountry.com/','http://truereligion.com/','http://trendygolf.com/','http://truevalue.com/','http://trueandco.com/','http://uggaustralia.com/','http://usoutdoor.com/','http://ubiqlife.com/','http://unbeatablesale.com/','http://www.toysrus.ca/home/index.jsp?categoryid=2567269','http://vanityplanet.com/','<br />
<b>Fatal error</b>:  Maximum execution time of 30 seconds exceeded in <b>E:\xampp\htdocs\r&d\ecurl.php</b> on line <b>16</b><br />
','http://buydig.com/','http://www.ulta.com/','<br />
<b>Fatal error</b>:  Maximum execution time of 30 seconds exceeded in <b>E:\xampp\htdocs\r&d\ecurl.php</b> on line <b>16</b><br />
','http://www.us-mattress.com/','<br />
<b>Fatal error</b>:  Maximum execution time of 30 seconds exceeded in <b>E:\xampp\htdocs\r&d\ecurl.php</b> on line <b>16</b><br />
','http://www.vans.com/','http://www.verabradley.com/','https://www.underarmour.com/en-bd','http://velvet-tees.com/','http://www.verseo.com/','http://www.urbanoutfitters.com/urban/index.jsp','https://www.uniqlo.com/us/en/home/','http://www.buyonlinenow.com/','http://cabinplace.com/','http://www.cafepress.com/','http://www.bigelowchemists.com/','http://maintenance.cabelas.com/','https://caliroots.com/','http://cameta.com/','http://www.calendars.com/','http://www.callawaygolfpreowned.com/on/demandware.store/sites-cgpo4-site/default/default-start','http://www.campsaver.com/','https://www.camillaandmarc.com/','http://www.carsons.com/','http://www.cargocosmetics.com/','http://www.carsondellosa.com/','http://cmp.callawaygolf.com/','http://www.carhartt.com/','http://cashmereboutique.com/','http://www.carolehochman.com/','http://www.carters.com/','<br />
<b>Fatal error</b>:  Maximum execution time of 30 seconds exceeded in <b>E:\xampp\htdocs\r&d\ecurl.php</b> on line <b>16</b><br />
','http://cellularcountry.com/','http://global.canon/en/index.html','http://www.interstatemusic.com/','http://www.cellphonecases.com/','http://chicnova.com/','http://chicos.com/','http://chiccoshop.com/','http://chineselaundry.com/','http://chiefsupply.com/','http://charlotterusse.com/','http://www.cbsstore.com/','http://www.cb2.com/','<br />
<b>Fatal error</b>:  Maximum execution time of 30 seconds exceeded in <b>E:\xampp\htdocs\r&d\ecurl.php</b> on line <b>16</b><br />
','http://choies.com/','http://www.chainreactioncycles.com/','http://cicihot.com/','http://www.charbroil.com/','http://www.cellularoutfitter.com/','http://clinchgear.com/','http://www.cocoreefswim.com/','http://coloradokayak.com/','http://colleenrothschild.com/','http://www.coldwatercreek.com/','http://compandsave.com/','http://www.cocoweb.com/','http://www.claetynwood.com/','http://www.christopherandbanks.com/','http://columbia.com/','<br />
<b>Fatal error</b>:  Maximum execution time of 30 seconds exceeded in <b>E:\xampp\htdocs\r&d\ecurl.php</b> on line <b>16</b><br />
','http://www.claires.co.uk/','http://www.clarks.co.uk/','http://converse.com/','http://www.compactappliance.com/','http://crazydogtshirts.com/','http://cottonon.com/au/','http://www.cosmeticamerica.com/default.asp','http://www.cpooutlets.com/','<br />
<b>Fatal error</b>:  Maximum execution time of 30 seconds exceeded in <b>E:\xampp\htdocs\r&d\ecurl.php</b> on line <b>16</b><br />
','https://www.costumediscounters.com/','http://www.cr8rec.com/','http://www.crabtree-evelyn.com/','https://www.cookieskids.com/','https://www.coyuchi.com/','<br />
<b>Fatal error</b>:  Maximum execution time of 30 seconds exceeded in <b>E:\xampp\htdocs\r&d\ecurl.php</b> on line <b>16</b><br />
','https://www.costumesupercenter.com/','http://www.countryoutfitter.com/','http://www.cuddlduds.com/','http://www.crucial.com/','https://www.cosabella.com/','http://dailysteals.com/','http://databazaar.com/','http://www.crocs.com/on/demandware.store/sites-crocs_us-site/default/home-siteselector','http://daintyhooligan.com/','http://www.cutterbuck.com/','http://www.cushe.com/us/en/home','http://www.dcshoes.com/','http://www.cwimedical.com/','https://dermaflage.com/','http://designer-vault.com/','https://www.danielwellington.com/global/','http://www.cufflinks.com/','http://www.dermstore.com/','http://www.dexclusive.com/','http://www.dealgenius.com/','http://www.designsbystephene.com/','http://dermadoctor.com/','http://store.discovery.com/','http://www.designbyhumans.com/','http://www.dillards.com/','https://www.danskin.com/','http://www.designtoscano.com/','http://www.destinationmaternity.com/','http://dl1961.com/','http://dkny.com/','http://domino.com/','http://drcolbert.com/','http://global.diesel.com/','http://dreamfoambedding.com/','http://drjays.com/','http://durangoboots.com/','<br />
<b>Fatal error</b>:  Maximum execution time of 30 seconds exceeded in <b>E:\xampp\htdocs\r&d\ecurl.php</b> on line <b>16</b><br />
','http://www.diamondsinternational.com/','http://dvf.com/','http://dwell.com/','http://www.dji.com/','<br />
<b>Fatal error</b>:  Maximum execution time of 30 seconds exceeded in <b>E:\xampp\htdocs\r&d\ecurl.php</b> on line <b>16</b><br />
','http://eastdane.com/','<br />
<b>Fatal error</b>:  Maximum execution time of 30 seconds exceeded in <b>E:\xampp\htdocs\r&d\ecurl.php</b> on line <b>16</b><br />
','http://eastbay.com/','http://www.drugstore.com/','http://www.dorothyperkins.com/','http://www.dressbarn.com/','<br />
<b>Fatal error</b>:  Maximum execution time of 30 seconds exceeded in <b>E:\xampp\htdocs\r&d\ecurl.php</b> on line <b>16</b><br />
','http://elevenparis.com/','<br />
<b>Fatal error</b>:  Maximum execution time of 30 seconds exceeded in <b>E:\xampp\htdocs\r&d\ecurl.php</b> on line <b>16</b><br />
','<br />
<b>Fatal error</b>:  Maximum execution time of 30 seconds exceeded in <b>E:\xampp\htdocs\r&d\ecurl.php</b> on line <b>16</b><br />
','http://www.executiveessentials.com/','http://global.ecco.com/','http://www.ems.com/','http://fabric.com/','http://www.eddiebauer.com/','http://www.edressme.com/','http://www.eloquii.com/','http://www.express.com/','http://www.effyjewelry.com/','http://www.eyesave.com/','http://www.esportsonline.com/','https://fab.com/','http://www.ewatches.com/','http://www.fanatics.com/','http://faucetface.com/','http://www.fieldsupply.com/','http://footwearunlimited.com/','http://footlocker.com/','http://www.ferrari.com/','http://www.focuscamera.com/','http://www.flowwall.com/','http://us.fashionbunker.com/','https://www.finerylondon.com/','<br />
<b>Fatal error</b>:  Maximum execution time of 30 seconds exceeded in <b>E:\xampp\htdocs\r&d\ecurl.php</b> on line <b>16</b><br />
','http://foreo.com/','http://forever21.com/','http://fragrancenet.com/','<br />
<b>Fatal error</b>:  Maximum execution time of 30 seconds exceeded in <b>E:\xampp\htdocs\r&d\ecurl.php</b> on line <b>16</b><br />
','http://forzieri.com/','http://fossil.com/','<br />
<b>Fatal error</b>:  Maximum execution time of 30 seconds exceeded in <b>E:\xampp\htdocs\r&d\ecurl.php</b> on line <b>16</b><br />
','http://fredasalvador.com/','http://frankandoak.com/','<br />
<b>Fatal error</b>:  Maximum execution time of 30 seconds exceeded in <b>E:\xampp\htdocs\r&d\ecurl.php</b> on line <b>16</b><br />
','<br />
<b>Fatal error</b>:  Maximum execution time of 30 seconds exceeded in <b>E:\xampp\htdocs\r&d\ecurl.php</b> on line <b>16</b><br />
','http://fredericks.com/','<br />
<b>Fatal error</b>:  Maximum execution time of 30 seconds exceeded in <b>E:\xampp\htdocs\r&d\ecurl.php</b> on line <b>16</b><br />
','<br />
<b>Fatal error</b>:  Maximum execution time of 30 seconds exceeded in <b>E:\xampp\htdocs\r&d\ecurl.php</b> on line <b>16</b><br />
','<br />
<b>Fatal error</b>:  Maximum execution time of 30 seconds exceeded in <b>E:\xampp\htdocs\r&d\ecurl.php</b> on line <b>16</b><br />
','<br />
<b>Fatal error</b>:  Maximum execution time of 30 seconds exceeded in <b>E:\xampp\htdocs\r&d\ecurl.php</b> on line <b>16</b><br />
','<br />
<b>Fatal error</b>:  Maximum execution time of 30 seconds exceeded in <b>E:\xampp\htdocs\r&d\ecurl.php</b> on line <b>16</b><br />
','http://freecountry.com/','http://glamboutique.com/','<br />
<b>Fatal error</b>:  Maximum execution time of 30 seconds exceeded in <b>E:\xampp\htdocs\r&d\ecurl.php</b> on line <b>16</b><br />
','http://www.gaiam.com/','http://www.godiva.com/','http://www.garageclothing.com/','http://www.giggle.com/','https://fsastore.com/','http://www.gallerydirect.com/','https://www.frenchconnection.com/','http://www.glassesspot.com/','http://www.gnc.com/home/index.jsp','http://www.gliks.com:80/default.aspx','http://www.gaffos.com/','http://www.gamestop.com/','http://greatdealfurniture.com/','http://www.graceandlace.com/','http://www.grandelashmd.com/default.asp','<br />
<b>Fatal error</b>:  Maximum execution time of 30 seconds exceeded in <b>E:\xampp\htdocs\r&d\ecurl.php</b> on line <b>16</b><br />
','http://greats.com/','http://www.dynamiteclothing.com/','http://www.guess.com/en/','http://gypsywarrior.com/','http://www.grandslamnewyork.com/','http://www.golfsmith.com/','http://www.govacuum.com/','http://www.gearxs.com/','http://www.guess.com/en/','http://glasses.com/','http://hampdenclothing.com/','http://golfetail.com/','http://www.funslurp.com/','http://greatergood.com/','http://www.guess.com/en/','http://haggar.com/','http://www.hammacher.com/default.aspx','http://hatley.com/','http://heartratemonitorsusa.com/','http://helloparry.com/','https://www.greensmartliving.com/','http://www.hannaandersson.com/','http://www.hankypanky.com/','http://heydudeshoesusa.com/','http://www.headlineshirts.net/','<br />
<b>Fatal error</b>:  Maximum execution time of 30 seconds exceeded in <b>E:\xampp\htdocs\r&d\ecurl.php</b> on line <b>16</b><br />
','http://www.hanes.com/','http://www.hats.com/','http://holabirdsports.com/','http://www.helmutlang.com/','https://www.hautelook.com/','<br />
<b>Fatal error</b>:  Maximum execution time of 30 seconds exceeded in <b>E:\xampp\htdocs\r&d\ecurl.php</b> on line <b>16</b><br />
','http://homelivingstyle.com/','<br />
<b>Fatal error</b>:  Maximum execution time of 30 seconds exceeded in <b>E:\xampp\htdocs\r&d\ecurl.php</b> on line <b>16</b><br />
','http://www.henribendel.com/','http://www.homedecorators.com/','http://www.herroom.com/','http://www.hisroom.com/','http://www.herveleger.com/','http://www.hockeymonkey.com/','http://www.hollowaysportswear.com/','<br />
<b>Fatal error</b>:  Maximum execution time of 30 seconds exceeded in <b>E:\xampp\htdocs\r&d\ecurl.php</b> on line <b>16</b><br />
','http://lookhuman.com/','http://hurley.com/','http://shophorne.com/','<br />
<b>Fatal error</b>:  Maximum execution time of 30 seconds exceeded in <b>E:\xampp\htdocs\r&d\ecurl.php</b> on line <b>16</b><br />
','<br />
<b>Fatal error</b>:  Maximum execution time of 30 seconds exceeded in <b>E:\xampp\htdocs\r&d\ecurl.php</b> on line <b>16</b><br />
','http://www.hobbytron.com/','http://hushpuppies.com/','http://inhabitny.com/','http://ilycouture.com/','http://ice.com/','http://www.irobot.com/','http://www.horchow.com/','http://infantino.com/','http://www.jpcycles.com/','https://www.horseloverz.com/','<br />
<b>Fatal error</b>:  Maximum execution time of 30 seconds exceeded in <b>E:\xampp\htdocs\r&d\ecurl.php</b> on line <b>16</b><br />
','http://www.hsn.com/','http://jcluforever.com/','http://jenny-bird.com/','http://www.irvsluggage.com/','http://www.isharya.com/','https://www.intermixonline.com/','http://www.jstrunkandco.com/','http://www.jcpenney.com/','https://www.jcrew.com/bd/','http://www.hugoboss.com/selectcountry','http://www.jacobtime.com/osc/index.php','http://www.jackwills.com/','http://www.jewelscent.com/','https://www.ilovesciencestore.com/','http://jomashop.com/','http://www.jensonusa.com/','http://www.jimmychoo.com/','http://www.jagjeans.com/','http://www.jimmyjazz.com/','https://www.jacadi.us/','https://www.jbrandjeans.com/','http://www.joann.com/','http://katandbee.co.uk/','http://www.johnvarvatos.com/home/','http://keetsa.com/','http://www.johnhardy.com/','http://www.junonia.com/','https://www.joesnewbalanceoutlet.com/','https://www.juicebeauty.com/','<br />
<b>Fatal error</b>:  Maximum execution time of 30 seconds exceeded in <b>E:\xampp\htdocs\r&d\ecurl.php</b> on line <b>16</b><br />
','http://kiyonna.com/','http://kidrobot.com/','http://www.karmaloop.com/','http://www.karenkane.com/','http://www.junkfoodclothing.com/','https://www.jofit.com/','http://www.juicycouture.com/','https://www.johnnie-o.com/?sid=9iih5lnppe3urdof9der6dofm4','http://kohls.com/','http://www.shopjustice.com/','http://www.kennethcole.com/defaultstart','http://www.kellywearstler.com/on/demandware.store/sites-kellywearstler-site/default/default-start','http://knockknockstuff.com/','http://koral.com/','http://kule.com/','http://www.keds.com/en/country','http://www.kicksusa.com/','http://www.kerastase-usa.com/','https://www.joulesusa.com/','http://www.loccitane.com/','http://laperla.com/','http://www.kirnazabete.com/','http://www.kitchenaid.com/','http://www.kipling-usa.com/','http://www.lkbennett.com/','http://www.lastcall.com/','http://lifewithbird.com/','http://www.lacrossemonkey.com/','http://www.lanebryant.com/','http://www.lafurniturestore.com/','http://www.lacoste.com/','http://leesa.com/','http://lexmod.com/','https://www.kostaboda.us/','http://de.liebeskind-berlin.com/on/demandware.store/sites-liebeskindde-site/default/default-start','http://www.lamadeclothing.com/','http://lineapelle.com/','http://www.leathercoatsetc.com/','https://store.kobobooks.com/en-bd/handleredirect?token=tv28joszje-qeku5iphz7g&redirecturl=https%3a%2f%2fstore.kobobooks.com%3a443%2fen-bd%2f','http://global.levi.com/','http://www.leonisa.com/','http://www.laurageller.com/','<br />
<b>Fatal error</b>:  Maximum execution time of 30 seconds exceeded in <b>E:\xampp\htdocs\r&d\ecurl.php</b> on line <b>16</b><br />
','http://littlemissmatched.com/','http://lionetteny.com/','http://www.lechateau.com/style/geo/index.jsp;jsessionid=j_3t36qaa3ggkrlx2stfqw7rygpyf4gfyu96pxntozpoug0to1_j!-1562154929?redirecturl=%2fstyle%2findex.jsp&_requestid=1448371','https://www.ledbury.com/','http://www.livingdirect.com/','http://love-scent.com/','http://luxedesignerhandbags.com/','<br />
<b>Fatal error</b>:  Maximum execution time of 30 seconds exceeded in <b>E:\xampp\htdocs\r&d\ecurl.php</b> on line <b>16</b><br />
','<br />
<b>Fatal error</b>:  Maximum execution time of 30 seconds exceeded in <b>E:\xampp\htdocs\r&d\ecurl.php</b> on line <b>16</b><br />
','http://luxurylane.com/','http://madisonstyle.com/','http://mgemi.com/women/','http://madisonlosangeles.com/','http://www.lollicouture.com/','http://www.lorisshoes.com/','http://matiere.com/','<br />
<b>Fatal error</b>:  Maximum execution time of 30 seconds exceeded in <b>E:\xampp\htdocs\r&d\ecurl.php</b> on line <b>16</b><br />
','http://www.ln-cc.com/en/start','http://mahabis.com/','http://www.luisaviaroma.com/','http://www.lumens.com/','http://mattandnat.com/','http://www.lovepastry.com/','http://www.loft.com/','https://www.luckyvitamin.com/','<br />
<b>Fatal error</b>:  Maximum execution time of 30 seconds exceeded in <b>E:\xampp\htdocs\r&d\ecurl.php</b> on line <b>16</b><br />
','http://www.macmall.com/','https://www.luluandgeorgia.com/','<br />
<b>Fatal error</b>:  Maximum execution time of 30 seconds exceeded in <b>E:\xampp\htdocs\r&d\ecurl.php</b> on line <b>16</b><br />
','http://www.mackage.com/','https://marmot.com/','http://www.marahoffman.com/','http://www.marblesthebrainstore.com/','http://melimelo.co.uk/','http://www.maxstudio.com/','http://mobstub.com/','<br />
<b>Fatal error</b>:  Maximum execution time of 30 seconds exceeded in <b>E:\xampp\htdocs\r&d\ecurl.php</b> on line <b>16</b><br />
','<br />
<b>Fatal error</b>:  Maximum execution time of 30 seconds exceeded in <b>E:\xampp\htdocs\r&d\ecurl.php</b> on line <b>16</b><br />
','http://www.mikasa.com/','http://www.mbt.com/','http://www.misterart.com/','http://www.metalmulisha.com/','http://www.michaels.com/','http://mediderm.myshopify.com/','http://www.medicalsupplydepot.com/','http://www.meatprocessingproducts.com/','http://www.modcloth.com/','http://www.missselfridge.com/?geoip=home','http://mrkate.com/','http://www.mindware.orientaltrading.com/','<br />
<b>Fatal error</b>:  Maximum execution time of 30 seconds exceeded in <b>E:\xampp\htdocs\r&d\ecurl.php</b> on line <b>16</b><br />
','http://www.michaelkors.com/','http://www.mountainhardwear.com/','<br />
<b>Fatal error</b>:  Maximum execution time of 30 seconds exceeded in <b>E:\xampp\htdocs\r&d\ecurl.php</b> on line <b>16</b><br />
','http://mvmtwatches.com/','http://www.merrell.com/us/en/country','http://mzwallace.com/','http://www.modernartisans.com/default.aspx?','http://www.montrail.com/on/demandware.store/sites-montrail_us-site/en_us/default-start','http://www.memebox.com/global','http://store.nba.com/','https://www.meundies.com/','http://www.monoprice.com/','http://shop.nixplay.com/','http://obeyclothing.com/','http://hellonomad.com/','http://mouth.com/','http://www.naturalizer.com/','http://www.newegg.com/','http://oneloveorganics.com/','http://www.necessaryclothing.com/','http://www.motherdenim.com/','http://www.oliveandpiper.com/','https://www.moschino.com/countries/index','http://www.newbalance.com/','https://www.mrporter.com/','https://www.maykool.com/','http://www.mychelle.com/','http://www.oakley.com/','http://www.nautica.com/','http://www.narscosmetics.com/','http://officedepot.com/','http://oki-ni.com/','http://www.nytimes.com/','http://www.ninewest.com/','http://www.nascar.com/','http://www.nearlynatural.com/','http://www.nflshop.com/','<br />
<b>Fatal error</b>:  Maximum execution time of 30 seconds exceeded in <b>E:\xampp\htdocs\r&d\ecurl.php</b> on line <b>16</b><br />
','http://www.nicolemiller.com/','<br />
<b>Fatal error</b>:  Maximum execution time of 30 seconds exceeded in <b>E:\xampp\htdocs\r&d\ecurl.php</b> on line <b>16</b><br />
','https://www.nordstromrack.com/','https://www.nzxt.com/','https://omronhealthcare.com/','https://www.officesupply.com/','http://www.oldtimecandy.com/','http://www.originalpenguin.com/','http://www.onlineshoes.com/','http://plussizelingerieboutique.com/','http://www.outdoortechnology.com/','http://performancebike.com/','http://peaceloveworld.com/','http://pinkqueen.com/','http://www.pacificcoast.com/','http://pinkice.com/','http://www.origins.com/','http://pinkbasis.com/','http://www.patagonia.com/','http://www.oshkosh.com/','<br />
<b>Fatal error</b>:  Maximum execution time of 30 seconds exceeded in <b>E:\xampp\htdocs\r&d\ecurl.php</b> on line <b>16</b><br />
','http://www.panasonic.com/global/global-network.html','http://popchartlab.com/','http://www.onlynaturalpet.com/','http://www.pfaltzgraff.com/','http://polerstuff.com/','http://www.pacsun.com/','http://www.pcrush.com/','http://www.petsmart.com/','http://www.payless.com/homepage','http://prismsport.com/','http://www.perryellis.com/','http://www.paulaschoice.com/international','http://www.paulfredrick.com/','http://www.overland.com/siteerror.htm?aspxerrorpath=/default.aspx','http://www.pet360.com/','http://www.paige.com/','http://shopraga.com/','http://www.philips.com/','http://pourlavictoire.com/','http://www.perfumania.com/?','http://puma.com/select?country=bd&cache=true&tracking=%253d','http://ragdoll-la.com/','http://www.shopplanetblue.com/','http://puravidabracelets.com/','http://www.planetshoes.com/','http://www.rakuten.com/','http://www.portero.com/','http://reynspooner.com/','http://riptapparel.com/','http://www.pier1.com/on/demandware.store/sites-pier1_us-site/default/default-start','http://refurb.io/','http://riteaid.com/','<br />
<b>Fatal error</b>:  Maximum execution time of 30 seconds exceeded in <b>E:\xampp\htdocs\r&d\ecurl.php</b> on line <b>16</b><br />
','https://www.proenzaschouler.com/','http://www.rainbowshops.com/homepage','http://rockstarwigs.com/','http://www.ray-ban.com/','http://www.rogaine.com/','http://samsonite.com/','http://roommatesdecor.com/','https://www.refrigiwear.com/','http://sanuk.com/','http://www.proporta.co.uk/','http://saucony.com/','http://www.riverisland.com/','http://www.royalrobbins.com/','http://schulershoes.com/','http://scarves.com/','http://www.roadrunnersports.com/','http://seagullsofstkilda.com.au/','http://www.roxy.com/','http://scosche.com/','<br />
<b>Fatal error</b>:  Maximum execution time of 30 seconds exceeded in <b>E:\xampp\htdocs\r&d\ecurl.php</b> on line <b>16</b><br />
','http://sears.com/','<br />
<b>Fatal error</b>:  Maximum execution time of 30 seconds exceeded in <b>E:\xampp\htdocs\r&d\ecurl.php</b> on line <b>16</b><br />
','http://www.sabonnyc.com/','http://sachinandbabi.com/','<br />
<b>Fatal error</b>:  Maximum execution time of 30 seconds exceeded in <b>E:\xampp\htdocs\r&d\ecurl.php</b> on line <b>16</b><br />
','<br />
<b>Fatal error</b>:  Maximum execution time of 30 seconds exceeded in <b>E:\xampp\htdocs\r&d\ecurl.php</b> on line <b>16</b><br />
','<br />
<b>Fatal error</b>:  Maximum execution time of 30 seconds exceeded in <b>E:\xampp\htdocs\r&d\ecurl.php</b> on line <b>16</b><br />
','http://sephra.com/','http://shoemall.com/','<br />
<b>Fatal error</b>:  Maximum execution time of 30 seconds exceeded in <b>E:\xampp\htdocs\r&d\ecurl.php</b> on line <b>16</b><br />
','http://www.rue21.com/store/','<br />
<b>Fatal error</b>:  Maximum execution time of 30 seconds exceeded in <b>E:\xampp\htdocs\r&d\ecurl.php</b> on line <b>16</b><br />
','<br />
<b>Fatal error</b>:  Maximum execution time of 30 seconds exceeded in <b>E:\xampp\htdocs\r&d\ecurl.php</b> on line <b>16</b><br />
','<br />
<b>Fatal error</b>:  Maximum execution time of 30 seconds exceeded in <b>E:\xampp\htdocs\r&d\ecurl.php</b> on line <b>16</b><br />
','<br />
<b>Fatal error</b>:  Maximum execution time of 30 seconds exceeded in <b>E:\xampp\htdocs\r&d\ecurl.php</b> on line <b>16</b><br />
','http://100percentpure.com/','<br />
<b>Fatal error</b>:  Maximum execution time of 30 seconds exceeded in <b>E:\xampp\htdocs\r&d\ecurl.php</b> on line <b>16</b><br />
','http://shanycosmetics.com/','<br />
<b>Fatal error</b>:  Maximum execution time of 30 seconds exceeded in <b>E:\xampp\htdocs\r&d\ecurl.php</b> on line <b>16</b><br />
','http://2020ave.com/','<br />
<b>Fatal error</b>:  Maximum execution time of 30 seconds exceeded in <b>E:\xampp\htdocs\r&d\ecurl.php</b> on line <b>16</b><br />
','<br />
<b>Fatal error</b>:  Maximum execution time of 30 seconds exceeded in <b>E:\xampp\htdocs\r&d\ecurl.php</b> on line <b>16</b><br />
','http://www.shop49ers.com/','http://www.shoemetro.com/default.aspx?','http://2modern.com/','http://www.shiekhshoes.com/','http://www.shoebuy.com/','http://www.sierratradingpost.com/','<br />
<b>Fatal error</b>:  Maximum execution time of 30 seconds exceeded in <b>E:\xampp\htdocs\r&d\ecurl.php</b> on line <b>16</b><br />
','http://www.shoeaholics.com/','http://www.shoptiques.com/','http://www.showmeyourmumu.com/','http://www.123greetings.com/','http://www.shabbyapple.com/','http://www.shuuemura-usa.com/','http://www.shoes.com/','http://www.silverrushstyle.com/','http://www.1928.com/','http://www.7forallmankind.com/','https://www.shopbop.com/','http://www.apeainthepod.com/','http://afflictionclothing.com/','http://www.abt.com/','http://www.adidas.co.uk/','http://aliceandtrixie.com/','https://www.aplusrstore.com/','http://www.alibris.com/','http://www.ahava.com/','http://www.adriannapapell.com/','http://www.4inkjets.com/','http://www.acer.com/worldwide/selection.html','http://www.aldoshoes.com/international','http://www.adorama.com/','https://www.2xist.com/','http://www.albeebaby.com/','http://www.aeropostale.com/shop/index.jsp?categoryid=3534619','http://www.acehardware.com/home/index.jsp','http://store.americanapparel.net/en/','http://www.alight.com/','http://www.alexandani.com/','http://amiclubwear.com/','https://www.silkn.com/','http://accessorygeeks.com/','https://www.alexisbittar.com/','http://www.ahalife.com/','http://www.acnestudios.com/au/en/home?referer=bd','<br />
<b>Fatal error</b>:  Maximum execution time of 30 seconds exceeded in <b>E:\xampp\htdocs\r&d\ecurl.php</b> on line <b>16</b><br />
','<br />
<b>Fatal error</b>:  Maximum execution time of 30 seconds exceeded in <b>E:\xampp\htdocs\r&d\ecurl.php</b> on line <b>16</b><br />
','<br />
<b>Fatal error</b>:  Maximum execution time of 30 seconds exceeded in <b>E:\xampp\htdocs\r&d\ecurl.php</b> on line <b>16</b><br />
','http://www.allenedmonds.com/','http://www.allergybegone.com/','https://www.ajmadison.com/','http://apartmentnumber9.com/','<br />
<b>Fatal error</b>:  Maximum execution time of 30 seconds exceeded in <b>E:\xampp\htdocs\r&d\ecurl.php</b> on line <b>16</b><br />
','http://anarchystreet.com/','http://amuze.com/','http://altrarunning.com/','http://www.alyaka.com/','http://augustca.com/','http://www.alternativeapparel.com/','http://www.alwaysforme.com/','http://www.asos.com/','http://www.allsaints.com/','https://amritasingh.com/','http://www.anntaylor.com/','http://www.andrewmarc.com/','http://www.avenue.com/','http://www.azaleasf.com/','http://www.b-glowing.com/','http://www.astralbrands.com/','<br />
<b>Fatal error</b>:  Maximum execution time of 30 seconds exceeded in <b>E:\xampp\htdocs\r&d\ecurl.php</b> on line <b>16</b><br />
','http://www.augustaactive.com/','http://www.authenticwatches.com/','http://www.ashburyskies.com/','https://www.anytimecostumes.com/','https://axelarigato.com/','http://beautytrends.com/','http://bananarepublic.gap.com/','http://beddingstyle.com/','http://www.bambeco.com/','http://www.backcountry.com/','<br />
<b>Fatal error</b>:  Maximum execution time of 30 seconds exceeded in <b>E:\xampp\htdocs\r&d\ecurl.php</b> on line <b>16</b><br />
','http://www.beautyencounter.com/','http://www.beautycarechoices.com/','http://begoodclothes.com/','http://www.beautybridge.com/','http://benefitcosmetics.com/','http://www.bcbg.com/','http://www.beauty.com/','http://www.barneys.com/','http://bestbuy.com/','http://bestowed.com/','http://www.barnesandnoble.com/','https://www.baublebar.com/','http://bewild.com/','http://bhcosmetics.com/','http://www.barneyswarehouse.com/','http://www.baseballexpress.com/','<br />
<b>Fatal error</b>:  Maximum execution time of 30 seconds exceeded in <b>E:\xampp\htdocs\r&d\ecurl.php</b> on line <b>16</b><br />
','http://www.beautybrands.com/','<br />
<b>Fatal error</b>:  Maximum execution time of 30 seconds exceeded in <b>E:\xampp\htdocs\r&d\ecurl.php</b> on line <b>16</b><br />
','http://biggerbras.com/','http://www.bebe.com/','http://bikebandit.com/','<br />
<b>Fatal error</b>:  Maximum execution time of 30 seconds exceeded in <b>E:\xampp\htdocs\r&d\ecurl.php</b> on line <b>16</b><br />
','<br />
<b>Fatal error</b>:  Maximum execution time of 30 seconds exceeded in <b>E:\xampp\htdocs\r&d\ecurl.php</b> on line <b>16</b><br />
','http://www.betseyjohnson.com/','http://www.beddinginn.com/','<br />
<b>Fatal error</b>:  Maximum execution time of 30 seconds exceeded in <b>E:\xampp\htdocs\r&d\ecurl.php</b> on line <b>16</b><br />
','http://blueboxjewels.com/','http://bluemercury.com/','http://bjs.com/','<br />
<b>Fatal error</b>:  Maximum execution time of 30 seconds exceeded in <b>E:\xampp\htdocs\r&d\ecurl.php</b> on line <b>16</b><br />
','http://boardwalkbuy.com/','http://biondacastana.com/','<br />
<b>Fatal error</b>:  Maximum execution time of 30 seconds exceeded in <b>E:\xampp\htdocs\r&d\ecurl.php</b> on line <b>16</b><br />
','http://born2run.com/','http://www.bestbullysticks.com/','<br />
<b>Fatal error</b>:  Maximum execution time of 30 seconds exceeded in <b>E:\xampp\htdocs\r&d\ecurl.php</b> on line <b>16</b><br />
','http://www.belleandjune.com/','http://booksamillion.com/','http://www.bellacor.com/','http://bluefly.com/','http://www.bodybuilding.com/','<br />
<b>Fatal error</b>:  Maximum execution time of 30 seconds exceeded in <b>E:\xampp\htdocs\r&d\ecurl.php</b> on line <b>16</b><br />
','http://www.bonton.com/','http://www.blair.com/','http://www.bodenusa.com/','<br />
<b>Fatal error</b>:  Maximum execution time of 30 seconds exceeded in <b>E:\xampp\htdocs\r&d\ecurl.php</b> on line <b>16</b><br />
','http://www.blanknyc.com/','http://www.bodypure.com/default.asp','http://burkedecor.com/','http://www.billiondollarbrows.com/','https://www.bigdogs.com/','http://www.blueandcream.com/','http://www.boutiquetoyou.com/','http://www.brenthaven.com/','http://www.botanicchoice.com/','http://us.billabong.com/global_home.htm','http://www.bodycandy.com/','http://www.biotherm-usa.com/women.html','http://www.brooksbrothers.com/','http://www.brickhousesecurity.com/','http://brandhousedirect.com.au/','http://www.burlingtoncoatfactory.com/','http://www.burtsbeesbaby.com/on/demandware.store/sites-burtsbeesbaby-site/en_us/default-start','http://www.buycoolshirts.com/','http://www.brookstone.com/','https://www.buffalojeans.com/','http://www.buttershoes.com/','http://www.bustedtees.com/','http://www.buttersupersoft.com/','<br />
<b>Fatal error</b>:  Maximum execution time of 30 seconds exceeded in <b>E:\xampp\htdocs\r&d\ecurl.php</b> on line <b>16</b><br />
','https://www.bpong.com/','https://www.boxed.com/','<br />
<b>Fatal error</b>:  Maximum execution time of 30 seconds exceeded in <b>E:\xampp\htdocs\r&d\ecurl.php</b> on line <b>16</b><br />
','https://www.build.com/','<br />
<b>Fatal error</b>:  Maximum execution time of 30 seconds exceeded in <b>E:\xampp\htdocs\r&d\ecurl.php</b> on line <b>16</b><br />
','<br />
<b>Fatal error</b>:  Maximum execution time of 30 seconds exceeded in <b>E:\xampp\htdocs\r&d\ecurl.php</b> on line <b>16</b><br />
','https://www.burton.com/us/en/burton','<br />
<b>Fatal error</b>:  Maximum execution time of 30 seconds exceeded in <b>E:\xampp\htdocs\r&d\ecurl.php</b> on line <b>16</b><br />
','<br />
<b>Fatal error</b>:  Maximum execution time of 30 seconds exceeded in <b>E:\xampp\htdocs\r&d\ecurl.php</b> on line <b>16</b><br />
','<br />
<b>Fatal error</b>:  Maximum execution time of 30 seconds exceeded in <b>E:\xampp\htdocs\r&d\ecurl.php</b> on line <b>16</b><br />
','<br />
<b>Fatal error</b>:  Maximum execution time of 30 seconds exceeded in <b>E:\xampp\htdocs\r&d\ecurl.php</b> on line <b>16</b><br />
','<br />
<b>Fatal error</b>:  Maximum execution time of 30 seconds exceeded in <b>E:\xampp\htdocs\r&d\ecurl.php</b> on line <b>16</b><br />
',