[2016-10-4 11:22:29],verabradley.com,Image generating error Error: PhantomJS did not respond within the given timeout setting.
[2016-10-4 13:56:22],store.discovery.com,Image generating error Error: PhantomJS did not respond within the given timeout setting.
[2016-10-4 14:30:14],southmoonunder.com,Image generating error Error: PhantomJS did not respond within the given timeout setting.
[2016-10-4 19:45:37],macys.com,Image generating error Error: PhantomJS did not respond within the given timeout setting.
[2016-10-5 22:29:36],intermixonline.com,Image generating error Error: PhantomJS did not respond within the given timeout setting.
[2016-10-5 23:40:50],hanes.com,Image generating error Error: PhantomJS did not respond within the given timeout setting.
[2016-10-5 0:25:24],gilt.com,Image generating error Error: PhantomJS did not respond within the given timeout setting.
[2016-10-5 0:58:36],fragrancenet.com,Image generating error Error: PhantomJS did not respond within the given timeout setting.
[2016-10-5 8:28:28],alexisbittar.com,Image generating error Error: PhantomJS did not respond within the given timeout setting.
[2016-10-7 14:29:02],macys.com,Image generating error Error: PhantomJS did not respond within the given timeout setting.
[2016-10-7 15:16:14],verabradley.com,Image generating error Error: PhantomJS did not respond within the given timeout setting.
[2016-10-7 15:21:00],us-mattress.com,Image generating error Error: PhantomJS did not respond within the given timeout setting.
[2016-10-7 18:03:52],macys.com,Image generating error Error: PhantomJS did not respond within the given timeout setting.
[2016-10-8 19:34:29],gilt.com,Image generating error Error: PhantomJS did not respond within the given timeout setting.
[2016-10-8 8:32:12],macys.com,Image generating error Error: PhantomJS did not respond within the given timeout setting.
[2016-10-8 9:41:20],jimmyjazz.com,Image generating error Error: PhantomJS did not respond within the given timeout setting.
[2016-10-8 10:49:07],gilt.com,Image generating error Error: PhantomJS did not respond within the given timeout setting.
[2016-10-8 13:33:49],bodenusa.com,Image generating error Error: PhantomJS did not respond within the given timeout setting.
[2016-10-8 16:23:15],ritzcamera.com,Image generating error Error: PhantomJS did not respond within the given timeout setting.
[2016-10-8 17:15:51],macys.com,Image generating error Error: PhantomJS did not respond within the given timeout setting.
[2016-10-8 18:23:08],gilt.com,Image generating error Error: PhantomJS did not respond within the given timeout setting.
[2016-10-9 4:34:22],unbeatablesale.com,Image generating error Error: PhantomJS did not respond within the given timeout setting.
[2016-10-9 8:22:48],mbt.com,Image generating error Error: PhantomJS did not respond within the given timeout setting.
[2016-10-9 8:35:30],macys.com,Image generating error Error: PhantomJS did not respond within the given timeout setting.
[2016-10-9 11:18:59],southmoonunder.com,Image generating error Error: PhantomJS did not respond within the given timeout setting.
[2016-10-9 11:44:39],samsclub.com,Image generating error Error: PhantomJS did not respond within the given timeout setting.
[2016-10-9 12:10:33],polerstuff.com,Image generating error Error: PhantomJS did not respond within the given timeout setting.
[2016-10-9 13:04:44],macys.com,Image generating error Error: PhantomJS did not respond within the given timeout setting.
[2016-10-9 14:34:38],gilt.com,Image generating error Error: PhantomJS did not respond within the given timeout setting.
[2016-10-9 16:19:55],panasonic.com,Image generating error Error: PhantomJS did not respond within the given timeout setting.
[2016-10-9 16:45:53],madisonstyle.com,Image generating error Error: PhantomJS did not respond within the given timeout setting.
[2016-10-9 16:46:31],macys.com,Image generating error Error: PhantomJS did not respond within the given timeout setting.
[2016-10-9 17:41:54],gilt.com,Image generating error Error: PhantomJS did not respond within the given timeout setting.
[2016-10-10 8:28:40],macys.com,Image generating error Error: PhantomJS did not respond within the given timeout setting.
[2016-10-10 10:41:48],gilt.com,Image generating error Error: PhantomJS did not respond within the given timeout setting.
[2016-10-10 12:20:20],containerstore.com,Image generating error Error: PhantomJS did not respond within the given timeout setting.
[2016-10-10 14:34:11],allsaints.com,Image generating error Error: PhantomJS did not respond within the given timeout setting.
[2016-10-10 14:47:06],zulily.com,Image generating error Error: ENOENT: no such file or directory, unlink '/home/cron/images_webshot/zulily.com.jpg'
[2016-10-10 14:50:45],aeropostale.com,Image generating error Error: PhantomJS did not respond within the given timeout setting.
[2016-10-10 16:22:25],ritzcamera.com,Image generating error Error: PhantomJS did not respond within the given timeout setting.
[2016-10-10 16:38:36],petsmart.com,Image generating error Error: PhantomJS did not respond within the given timeout setting.
[2016-10-10 17:16:08],macys.com,Image generating error Error: PhantomJS did not respond within the given timeout setting.
[2016-10-10 17:16:31],mackage.com,Image generating error Error: PhantomJS did not respond within the given timeout setting.
[2016-10-10 17:24:45],lorisshoes.com,Image generating error Error: PhantomJS did not respond within the given timeout setting.
[2016-10-10 18:26:03],gilt.com,Image generating error Error: PhantomJS did not respond within the given timeout setting.
[2016-10-11 8:27:38],macys.com,Image generating error Error: PhantomJS did not respond within the given timeout setting.
[2016-10-11 10:35:43],gilt.com,Image generating error Error: PhantomJS did not respond within the given timeout setting.
[2016-10-11 10:41:50],giggle.com,Image generating error Error: PhantomJS did not respond within the given timeout setting.
[2016-10-11 17:14:53],macys.com,Image generating error Error: PhantomJS did not respond within the given timeout setting.
[2016-10-11 18:21:21],gilt.com,Image generating error Error: PhantomJS did not respond within the given timeout setting.
[2016-10-11 18:22:59],giggle.com,Image generating error Error: PhantomJS did not respond within the given timeout setting.
[2016-10-12 14:26:23],macys.com,Image generating error Error: PhantomJS did not respond within the given timeout setting.
[2016-10-12 15:14:14],unbeatablesale.com,Image generating error Error: PhantomJS did not respond within the given timeout setting.
[2016-10-12 16:43:33],panasonic.com,Image generating error Error: PhantomJS did not respond within the given timeout setting.
[2016-10-12 17:14:36],macys.com,Image generating error Error: PhantomJS did not respond within the given timeout setting.
[2016-10-12 18:22:22],gilt.com,Image generating error Error: PhantomJS did not respond within the given timeout setting.
[2016-10-13 15:37:10],tiesncuffs.com.au,Image generating error Error: PhantomJS did not respond within the given timeout setting.
[2016-10-13 17:59:58],macys.com,Image generating error Error: PhantomJS did not respond within the given timeout setting.
[2016-10-14 19:28:23],gilt.com,Image generating error Error: PhantomJS did not respond within the given timeout setting.
[2016-10-14 3:47:05],zulily.com,Image generating error Error: ENOENT: no such file or directory, unlink '/home/cron/images_webshot/zulily.com.jpg'
[2016-10-14 8:27:01],macys.com,Image generating error Error: PhantomJS did not respond within the given timeout setting.
[2016-10-14 10:41:37],gilt.com,Image generating error Error: PhantomJS did not respond within the given timeout setting.
[2016-10-14 14:47:06],zulily.com,Image generating error Error: ENOENT: no such file or directory, unlink '/home/cron/images_webshot/zulily.com.jpg'
[2016-10-14 17:13:11],macys.com,Image generating error Error: PhantomJS did not respond within the given timeout setting.
[2016-10-14 17:51:17],jagjeans.com,Image generating error Error: PhantomJS did not respond within the given timeout setting.
[2016-10-14 18:22:25],gilt.com,Image generating error Error: PhantomJS did not respond within the given timeout setting.
[2016-10-15 19:34:02],buydig.com,Image generating error Error: PhantomJS did not respond within the given timeout setting.
[2016-10-15 8:27:02],macys.com,Image generating error Error: PhantomJS did not respond within the given timeout setting.
[2016-10-15 10:40:21],gilt.com,Image generating error Error: PhantomJS did not respond within the given timeout setting.
[2016-10-15 13:55:29],barnesandnoble.com,Image generating error Error: PhantomJS did not respond within the given timeout setting.
[2016-10-15 17:16:49],panasonic.com,Image generating error Error: PhantomJS did not respond within the given timeout setting.
[2016-10-15 17:58:47],macys.com,Image generating error Error: PhantomJS did not respond within the given timeout setting.
[2016-10-16 19:28:12],gilt.com,Image generating error Error: PhantomJS did not respond within the given timeout setting.
[2016-10-16 21:01:10],buycoolshirts.com,Image generating error Error: PhantomJS did not respond within the given timeout setting.
[2016-10-16 8:28:43],macys.com,Image generating error Error: PhantomJS did not respond within the given timeout setting.
[2016-10-16 10:42:40],gilt.com,Image generating error Error: PhantomJS did not respond within the given timeout setting.
[2016-10-16 14:00:11],barnesandnoble.com,Image generating error Error: PhantomJS did not respond within the given timeout setting.
[2016-10-16 16:11:36],sportsfanfare.com,Image generating error Error: PhantomJS did not respond within the given timeout setting.
[2016-10-16 17:59:02],macys.com,Image generating error Error: PhantomJS did not respond within the given timeout setting.
[2016-10-17 19:29:02],gilt.com,Image generating error Error: PhantomJS did not respond within the given timeout setting.
[2016-10-17 8:28:40],macys.com,Image generating error Error: PhantomJS did not respond within the given timeout setting.
[2016-10-17 10:42:37],gilt.com,Image generating error Error: PhantomJS did not respond within the given timeout setting.
[2016-10-17 10:53:55],fsastore.com,Image generating error Error: PhantomJS did not respond within the given timeout setting.
[2016-10-17 17:59:08],macys.com,Image generating error Error: PhantomJS did not respond within the given timeout setting.
[2016-10-17 18:05:28],lucy.com,Image generating error Error: PhantomJS did not respond within the given timeout setting.
[2016-10-17 18:42:55],jstrunkandco.com,Image generating error Error: PhantomJS did not respond within the given timeout setting.
[2016-10-18 19:34:42],gilt.com,Image generating error Error: PhantomJS did not respond within the given timeout setting.
[2016-10-18 20:49:25],christopherandbanks.com,Image generating error Error: PhantomJS did not respond within the given timeout setting.
[2016-10-18 21:48:10],barnesandnoble.com,Image generating error Error: PhantomJS did not respond within the given timeout setting.
[2016-10-18 12:58:14],macys.com,Image generating error Error: PhantomJS did not respond within the given timeout setting.
[2016-10-19 19:30:00],macys.com,Image generating error Error: PhantomJS did not respond within the given timeout setting.
[2016-10-19 21:42:34],gilt.com,Image generating error Error: PhantomJS did not respond within the given timeout setting.
[2016-10-20 23:56:32],macys.com,Image generating error Error: PhantomJS did not respond within the given timeout setting.
[2016-10-20 4:23:06],gilt.com,Image generating error Error: PhantomJS did not respond within the given timeout setting.
[2016-10-21 23:59:23],macys.com,Image generating error Error: PhantomJS did not respond within the given timeout setting.
[2016-10-21 4:24:26],gilt.com,Image generating error Error: PhantomJS did not respond within the given timeout setting.
[2016-10-21 14:35:01],macys.com,Image generating error Error: PhantomJS did not respond within the given timeout setting.
[2016-10-21 17:57:01],macys.com,Image generating error Error: PhantomJS did not respond within the given timeout setting.
[2016-10-22 19:26:55],gilt.com,Image generating error Error: PhantomJS did not respond within the given timeout setting.
[2016-10-22 20:38:14],clarks.co.uk,Image generating error Error: PhantomJS did not respond within the given timeout setting.
[2016-10-22 21:40:39],barnesandnoble.com,Image generating error Error: PhantomJS did not respond within the given timeout setting.
[2016-10-22 12:52:18],macys.com,Image generating error Error: PhantomJS did not respond within the given timeout setting.
[2016-10-23 19:26:18],macys.com,Image generating error Error: PhantomJS did not respond within the given timeout setting.
[2016-10-23 21:34:32],gnc.com,Image generating error Error: PhantomJS did not respond within the given timeout setting.
[2016-10-23 21:41:01],gilt.com,Image generating error Error: PhantomJS did not respond within the given timeout setting.
[2016-10-23 8:25:59],macys.com,Image generating error Error: PhantomJS did not respond within the given timeout setting.
[2016-10-23 10:35:08],gnc.com,Image generating error Error: PhantomJS did not respond within the given timeout setting.
[2016-10-23 10:41:37],gilt.com,Image generating error Error: PhantomJS did not respond within the given timeout setting.
[2016-10-23 14:49:10],adidas.co.uk,Image generating error Error: PhantomJS did not respond within the given timeout setting.
[2016-10-23 16:25:29],shopthetrendboutique.com,Image generating error Error: PhantomJS did not respond within the given timeout setting.
[2016-10-23 17:57:52],macys.com,Image generating error Error: PhantomJS did not respond within the given timeout setting.
[2016-10-24 19:27:27],gilt.com,Image generating error Error: PhantomJS did not respond within the given timeout setting.
[2016-10-24 8:26:24],macys.com,Image generating error Error: PhantomJS did not respond within the given timeout setting.
[2016-10-24 10:39:58],gilt.com,Image generating error Error: PhantomJS did not respond within the given timeout setting.
[2016-10-24 17:57:01],macys.com,Image generating error Error: PhantomJS did not respond within the given timeout setting.
[2016-10-25 19:25:47],gilt.com,Image generating error Error: PhantomJS did not respond within the given timeout setting.
[2016-10-25 19:46:28],fanzz.com,Image generating error Error: PhantomJS did not respond within the given timeout setting.
[2016-10-25 8:26:47],macys.com,Image generating error Error: PhantomJS did not respond within the given timeout setting.
[2016-10-25 10:40:23],gilt.com,Image generating error Error: PhantomJS did not respond within the given timeout setting.
[2016-10-25 13:59:35],barnesandnoble.com,Image generating error Error: PhantomJS did not respond within the given timeout setting.
[2016-10-25 14:51:48],adidas.co.uk,Image generating error Error: PhantomJS did not respond within the given timeout setting.
[2016-10-25 17:57:46],macys.com,Image generating error Error: PhantomJS did not respond within the given timeout setting.
[2016-10-26 19:26:30],gilt.com,Image generating error Error: PhantomJS did not respond within the given timeout setting.
[2016-10-26 21:37:17],barnesandnoble.com,Image generating error Error: PhantomJS did not respond within the given timeout setting.
[2016-10-26 22:11:19],adidas.co.uk,Image generating error Error: PhantomJS did not respond within the given timeout setting.
[2016-10-27 19:26:04],macys.com,Image generating error Error: PhantomJS did not respond within the given timeout setting.
[2016-10-27 21:38:04],gilt.com,Image generating error Error: PhantomJS did not respond within the given timeout setting.
[2016-10-27 1:41:18],adidas.co.uk,Image generating error Error: PhantomJS did not respond within the given timeout setting.
[2016-10-28 19:26:04],macys.com,Image generating error Error: PhantomJS did not respond within the given timeout setting.
[2016-10-28 21:40:46],gilt.com,Image generating error Error: PhantomJS did not respond within the given timeout setting.
[2016-10-28 1:45:25],adidas.co.uk,Image generating error Error: PhantomJS did not respond within the given timeout setting.
[2016-10-28 8:29:14],macys.com,Image generating error Error: PhantomJS did not respond within the given timeout setting.
[2016-10-28 8:39:30],lucy.com,Image generating error Error: PhantomJS did not respond within the given timeout setting.
[2016-10-28 9:34:22],jpcycles.com,Image generating error Error: PhantomJS did not respond within the given timeout setting.
[2016-10-28 12:48:52],mikasa.com,Image generating error Error: PhantomJS did not respond within the given timeout setting.
[2016-10-28 13:03:48],macys.com,Image generating error Error: PhantomJS did not respond within the given timeout setting.
[2016-10-28 14:33:27],gilt.com,Image generating error Error: PhantomJS did not respond within the given timeout setting.
[2016-10-28 14:47:05],zulily.com,Image generating error Error: ENOENT: no such file or directory, unlink '/home/cron/images_webshot/zulily.com.jpg'
[2016-10-28 16:46:38],macys.com,Image generating error Error: PhantomJS did not respond within the given timeout setting.
[2016-10-28 17:40:56],gilt.com,Image generating error Error: PhantomJS did not respond within the given timeout setting.
[2016-10-29 3:47:05],zulily.com,Image generating error Error: ENOENT: no such file or directory, unlink '/home/cron/images_webshot/zulily.com.jpg'
[2016-10-29 8:25:35],macys.com,Image generating error Error: PhantomJS did not respond within the given timeout setting.
[2016-10-29 12:58:55],macys.com,Image generating error Error: PhantomJS did not respond within the given timeout setting.
[2016-10-29 14:30:31],gilt.com,Image generating error Error: PhantomJS did not respond within the given timeout setting.
[2016-10-29 14:47:05],zulily.com,Image generating error Error: ENOENT: no such file or directory, unlink '/home/cron/images_webshot/zulily.com.jpg'
[2016-10-29 16:47:04],macys.com,Image generating error Error: PhantomJS did not respond within the given timeout setting.
[2016-10-29 17:41:05],gilt.com,Image generating error Error: PhantomJS did not respond within the given timeout setting.
[2016-10-30 3:47:05],zulily.com,Image generating error Error: ENOENT: no such file or directory, unlink '/home/cron/images_webshot/zulily.com.jpg'
[2016-10-30 8:27:47],macys.com,Image generating error Error: PhantomJS did not respond within the given timeout setting.
[2016-10-30 10:40:27],gilt.com,Image generating error Error: PhantomJS did not respond within the given timeout setting.
[2016-10-30 14:47:05],adidas.co.uk,Image generating error Error: PhantomJS did not respond within the given timeout setting.
[2016-10-30 17:13:22],macys.com,Image generating error Error: PhantomJS did not respond within the given timeout setting.
[2016-10-30 18:18:39],gnc.com,Image generating error Error: PhantomJS did not respond within the given timeout setting.
[2016-10-30 18:21:14],gilt.com,Image generating error Error: PhantomJS did not respond within the given timeout setting.
[2016-10-1 20:26:07],adidas.co.uk,Image generating error Error: PhantomJS did not respond within the given timeout setting.
[2016-11-1 8:52:47],macys.com,Image generating error Error: PhantomJS did not respond within the given timeout setting.
[2016-11-1 11:01:59],gnc.com,Image generating error Error: PhantomJS did not respond within the given timeout setting.
[2016-11-1 11:08:23],gilt.com,Image generating error Error: PhantomJS did not respond within the given timeout setting.
[2016-11-1 14:47:05],zulily.com,Image generating error Error: ENOENT: no such file or directory, unlink '/home/cron/images_webshot/zulily.com.jpg'
[2016-11-1 17:13:56],macys.com,Image generating error Error: PhantomJS did not respond within the given timeout setting.
[2016-11-1 18:19:35],gnc.com,Image generating error Error: PhantomJS did not respond within the given timeout setting.
[2016-11-1 18:21:18],gilt.com,Image generating error Error: PhantomJS did not respond within the given timeout setting.
[2016-11-2 20:27:42],adidas.co.uk,Image generating error Error: PhantomJS did not respond within the given timeout setting.
[2016-11-2 8:26:38],macys.com,Image generating error Error: PhantomJS did not respond within the given timeout setting.
[2016-11-2 10:36:35],gnc.com,Image generating error Error: PhantomJS did not respond within the given timeout setting.
[2016-11-2 10:42:07],gilt.com,Image generating error Error: PhantomJS did not respond within the given timeout setting.
[2016-11-2 14:47:06],zulily.com,Image generating error Error: ENOENT: no such file or directory, unlink '/home/cron/images_webshot/zulily.com.jpg'
[2016-11-2 14:47:40],adidas.co.uk,Image generating error Error: PhantomJS did not respond within the given timeout setting.
[2016-11-2 17:12:59],macys.com,Image generating error Error: PhantomJS did not respond within the given timeout setting.
[2016-11-2 18:19:36],gilt.com,Image generating error Error: PhantomJS did not respond within the given timeout setting.
[2016-11-3 20:23:21],adidas.co.uk,Image generating error Error: PhantomJS did not respond within the given timeout setting.
[2016-11-3 14:47:02],zulily.com,Image generating error Error: ENOENT: no such file or directory, unlink '/home/cron/images_webshot/zulily.com.jpg'
[2016-11-4 19:26:48],macys.com,Image generating error Error: PhantomJS did not respond within the given timeout setting.
[2016-11-4 21:35:49],gnc.com,Image generating error Error: PhantomJS did not respond within the given timeout setting.
[2016-11-4 21:41:50],gilt.com,Image generating error Error: PhantomJS did not respond within the given timeout setting.
[2016-11-4 1:01:57],backcountry.com,Image generating error Error: PhantomJS did not respond within the given timeout setting.
[2016-11-4 15:49:41],villeroy-boch.com,Image generating error Error: PhantomJS did not respond within the given timeout setting.
[2016-11-5 23:54:31],macys.com,Image generating error Error: PhantomJS did not respond within the given timeout setting.
[2016-11-5 4:18:57],gilt.com,Image generating error Error: PhantomJS did not respond within the given timeout setting.
[2016-11-5 10:50:54],barnesandnoble.com,Image generating error Error: PhantomJS did not respond within the given timeout setting.
[2016-11-6 23:51:34],macys.com,Image generating error Error: PhantomJS did not respond within the given timeout setting.
[2016-11-6 4:14:30],gilt.com,Image generating error Error: PhantomJS did not respond within the given timeout setting.
[2016-11-6 12:25:32],adidas.co.uk,Image generating error Error: PhantomJS did not respond within the given timeout setting.
[2016-11-7 23:54:30],macys.com,Image generating error Error: PhantomJS did not respond within the given timeout setting.
[2016-11-7 4:09:39],gnc.com,Image generating error Error: PhantomJS did not respond within the given timeout setting.
[2016-11-7 4:23:05],gilt.com,Image generating error Error: PhantomJS did not respond within the given timeout setting.
[2016-11-7 12:31:34],adidas.co.uk,Image generating error Error: PhantomJS did not respond within the given timeout setting.
[2016-11-8 23:49:55],macys.com,Image generating error Error: PhantomJS did not respond within the given timeout setting.
[2016-11-8 4:05:32],gnc.com,Image generating error Error: PhantomJS did not respond within the given timeout setting.
[2016-11-8 4:18:54],gilt.com,Image generating error Error: PhantomJS did not respond within the given timeout setting.
[2016-11-8 10:23:14],benefitcosmetics.com,Image generating error Error: PhantomJS did not respond within the given timeout setting.
[2016-11-8 10:57:33],barnesandnoble.com,Image generating error Error: PhantomJS did not respond within the given timeout setting.
[2016-11-8 12:40:35],adidas.co.uk,Image generating error Error: PhantomJS did not respond within the given timeout setting.
[2016-11-9 1:16:31],macys.com,Image generating error Error: PhantomJS did not respond within the given timeout setting.
[2016-11-9 5:33:51],gnc.com,Image generating error Error: PhantomJS did not respond within the given timeout setting.
[2016-11-9 5:47:16],gilt.com,Image generating error Error: PhantomJS did not respond within the given timeout setting.
[2016-11-9 12:19:21],barnesandnoble.com,Image generating error Error: PhantomJS did not respond within the given timeout setting.
[2016-11-9 14:02:10],adidas.co.uk,Image generating error Error: PhantomJS did not respond within the given timeout setting.
[2016-11-10 1:15:43],macys.com,Image generating error Error: PhantomJS did not respond within the given timeout setting.
[2016-11-10 5:43:51],gilt.com,Image generating error Error: PhantomJS did not respond within the given timeout setting.
[2016-11-10 13:54:01],adidas.co.uk,Image generating error Error: PhantomJS did not respond within the given timeout setting.
[2016-11-11 1:17:22],macys.com,Image generating error Error: PhantomJS did not respond within the given timeout setting.
[2016-11-11 5:18:13],greatergood.com,Image generating error Error: PhantomJS did not respond within the given timeout setting.
[2016-11-11 5:47:34],gilt.com,Image generating error Error: PhantomJS did not respond within the given timeout setting.
[2016-11-11 12:20:51],barnesandnoble.com,Image generating error Error: PhantomJS did not respond within the given timeout setting.
[2016-11-11 12:45:14],authenticwatches.com,Image generating error Error: PhantomJS did not respond within the given timeout setting.
[2016-11-11 14:10:16],adidas.co.uk,Image generating error Error: PhantomJS did not respond within the given timeout setting.
[2016-11-12 1:18:24],macys.com,Image generating error Error: PhantomJS did not respond within the given timeout setting.
[2016-11-12 5:44:03],gilt.com,Image generating error Error: PhantomJS did not respond within the given timeout setting.
[2016-11-12 13:54:08],adidas.co.uk,Image generating error Error: PhantomJS did not respond within the given timeout setting.
[2016-11-13 1:16:56],macys.com,Image generating error Error: PhantomJS did not respond within the given timeout setting.
[2016-11-13 5:43:11],gilt.com,Image generating error Error: PhantomJS did not respond within the given timeout setting.
[2016-11-13 14:08:24],adidas.co.uk,Image generating error Error: PhantomJS did not respond within the given timeout setting.
[2016-11-14 14:37:56],macys.com,Image generating error Error: PhantomJS did not respond within the given timeout setting.
[2016-11-15 19:11:48],gilt.com,Image generating error Error: PhantomJS did not respond within the given timeout setting.
[2016-11-15 1:52:06],barnesandnoble.com,Image generating error Error: PhantomJS did not respond within the given timeout setting.
[2016-11-15 3:35:07],adidas.co.uk,Image generating error Error: PhantomJS did not respond within the given timeout setting.
[2016-11-15 14:28:28],macys.com,Image generating error Error: PhantomJS did not respond within the given timeout setting.
[2016-11-15 18:43:58],gnc.com,Image generating error Error: PhantomJS did not respond within the given timeout setting.
[2016-11-15 18:57:21],gilt.com,Image generating error Error: PhantomJS did not respond within the given timeout setting.
[2016-11-16 1:29:06],barnesandnoble.com,Image generating error Error: PhantomJS did not respond within the given timeout setting.
[2016-11-17 1:16:12],macys.com,Image generating error Error: PhantomJS did not respond within the given timeout setting.
[2016-11-17 5:40:34],gilt.com,Image generating error Error: PhantomJS did not respond within the given timeout setting.
[2016-11-17 12:10:14],barnesandnoble.com,Image generating error Error: PhantomJS did not respond within the given timeout setting.
[2016-11-18 1:16:28],macys.com,Image generating error Error: PhantomJS did not respond within the given timeout setting.
[2016-11-18 5:40:47],gilt.com,Image generating error Error: PhantomJS did not respond within the given timeout setting.
[2016-11-18 12:13:01],barnesandnoble.com,Image generating error Error: PhantomJS did not respond within the given timeout setting.
[2016-11-19 1:16:15],macys.com,Image generating error Error: PhantomJS did not respond within the given timeout setting.
[2016-11-19 5:41:39],gilt.com,Image generating error Error: PhantomJS did not respond within the given timeout setting.
[2016-11-19 10:26:09],buycoolshirts.com,Image generating error Error: PhantomJS did not respond within the given timeout setting.
[2016-11-19 12:20:56],barnesandnoble.com,Image generating error Error: PhantomJS did not respond within the given timeout setting.
[2016-11-20 1:19:17],macys.com,Image generating error Error: PhantomJS did not respond within the given timeout setting.
[2016-11-20 5:43:36],gilt.com,Image generating error Error: PhantomJS did not respond within the given timeout setting.
[2016-11-21 1:08:08],macys.com,Image generating error Error: PhantomJS did not respond within the given timeout setting.
[2016-11-21 5:26:42],gilt.com,Image generating error Error: PhantomJS did not respond within the given timeout setting.
[2016-11-21 9:36:19],carsondellosa.com,Image generating error Error: PhantomJS did not respond within the given timeout setting.
[2016-11-21 11:56:14],barnesandnoble.com,Image generating error Error: PhantomJS did not respond within the given timeout setting.
[2016-11-21 13:34:59],adidas.co.uk,Image generating error Error: PhantomJS did not respond within the given timeout setting.
[2016-11-22 21:27:31],sallybeauty.com,Image generating error Error: PhantomJS did not respond within the given timeout setting.
[2016-11-22 22:04:14],refurb.io,Image generating error Error: PhantomJS did not respond within the given timeout setting.
[2016-11-22 1:08:54],matiere.com,Image generating error Error: PhantomJS did not respond within the given timeout setting.
[2016-11-22 1:25:13],macys.com,Image generating error Error: PhantomJS did not respond within the given timeout setting.
[2016-11-22 1:38:25],lumobodytech.com,Image generating error Error: PhantomJS did not respond within the given timeout setting.
[2016-11-22 5:51:49],gilt.com,Image generating error Error: PhantomJS did not respond within the given timeout setting.
[2016-11-22 12:17:43],barnesandnoble.com,Image generating error Error: PhantomJS did not respond within the given timeout setting.
[2016-11-23 1:06:47],macys.com,Image generating error Error: PhantomJS did not respond within the given timeout setting.
[2016-11-23 5:26:33],gilt.com,Image generating error Error: PhantomJS did not respond within the given timeout setting.
[2016-11-24 0:53:29],matiere.com,Image generating error Error: PhantomJS did not respond within the given timeout setting.
[2016-11-24 1:09:46],macys.com,Image generating error Error: PhantomJS did not respond within the given timeout setting.
[2016-11-24 5:18:48],gnc.com,Image generating error Error: PhantomJS did not respond within the given timeout setting.
[2016-11-24 5:32:04],gilt.com,Image generating error Error: PhantomJS did not respond within the given timeout setting.
[2016-11-25 1:06:00],macys.com,Image generating error Error: PhantomJS did not respond within the given timeout setting.
[2016-11-25 5:25:23],gilt.com,Image generating error Error: PhantomJS did not respond within the given timeout setting.
[2016-11-26 1:06:50],macys.com,Image generating error Error: PhantomJS did not respond within the given timeout setting.
[2016-11-26 5:26:28],gilt.com,Image generating error Error: PhantomJS did not respond within the given timeout setting.
[2016-11-27 21:37:52],rstbrands.com,Image generating error Error: PhantomJS did not respond within the given timeout setting.
[2016-11-27 1:11:49],macys.com,Image generating error Error: PhantomJS did not respond within the given timeout setting.
[2016-11-27 1:25:00],lumobodytech.com,Image generating error Error: PhantomJS did not respond within the given timeout setting.
[2016-11-27 5:28:47],gnc.com,Image generating error Error: PhantomJS did not respond within the given timeout setting.
[2016-11-27 5:42:06],gilt.com,Image generating error Error: PhantomJS did not respond within the given timeout setting.
[2016-11-27 12:05:49],barnesandnoble.com,Image generating error Error: PhantomJS did not respond within the given timeout setting.
[2016-11-28 21:48:00],roadrunnersports.com,Image generating error Error: PhantomJS did not respond within the given timeout setting.
[2016-11-28 1:11:07],macys.com,Image generating error Error: PhantomJS did not respond within the given timeout setting.
[2016-11-28 5:28:53],gilt.com,Image generating error Error: PhantomJS did not respond within the given timeout setting.
[2016-11-28 11:26:34],belleandjune.com,Image generating error Error: PhantomJS did not respond within the given timeout setting.
[2016-11-29 1:06:37],macys.com,Image generating error Error: PhantomJS did not respond within the given timeout setting.
[2016-11-29 5:23:21],gilt.com,Image generating error Error: PhantomJS did not respond within the given timeout setting.
[2016-11-30 1:08:27],macys.com,Image generating error Error: PhantomJS did not respond within the given timeout setting.
[2016-11-30 5:29:15],gilt.com,Image generating error Error: PhantomJS did not respond within the given timeout setting.
[2016-11-30 10:43:58],booksamillion.com,Image generating error Error: PhantomJS did not respond within the given timeout setting.
[2016-11-31 1:10:38],macys.com,Image generating error Error: PhantomJS did not respond within the given timeout setting.
[2016-11-31 5:33:09],gilt.com,Image generating error Error: PhantomJS did not respond within the given timeout setting.
[2016-11-31 11:59:01],barnesandnoble.com,Image generating error Error: PhantomJS did not respond within the given timeout setting.
[2017-0-1 1:15:43],macys.com,Image generating error Error: PhantomJS did not respond within the given timeout setting.
[2017-0-1 5:37:13],gilt.com,Image generating error Error: PhantomJS did not respond within the given timeout setting.
[2017-0-1 6:41:19],fairwaystyles.com,Image generating error Error: PhantomJS did not respond within the given timeout setting.
[2017-0-2 1:08:11],macys.com,Image generating error Error: PhantomJS did not respond within the given timeout setting.
[2017-0-2 5:32:56],gilt.com,Image generating error Error: PhantomJS did not respond within the given timeout setting.
[2017-0-3 1:09:34],macys.com,Image generating error Error: PhantomJS did not respond within the given timeout setting.
[2017-0-3 5:31:33],gilt.com,Image generating error Error: PhantomJS did not respond within the given timeout setting.
[2017-0-3 11:52:02],beautifiedyou.com,Image generating error Error: PhantomJS did not respond within the given timeout setting.
[2017-0-3 12:05:10],barnesandnoble.com,Image generating error Error: PhantomJS did not respond within the given timeout setting.
[2017-0-3 17:57:00],toppik.com,Image generating error Error: PhantomJS did not respond within the given timeout setting.
[2017-0-3 18:44:43],thefryecompany.com,Image generating error Error: PhantomJS did not respond within the given timeout setting.
[2017-0-4 0:12:11],narscosmetics.com,Image generating error Error: PhantomJS did not respond within the given timeout setting.
[2017-0-4 1:24:36],macys.com,Image generating error Error: PhantomJS did not respond within the given timeout setting.
[2017-0-4 5:42:13],gilt.com,Image generating error Error: PhantomJS did not respond within the given timeout setting.
[2017-0-4 12:13:22],barnesandnoble.com,Image generating error Error: PhantomJS did not respond within the given timeout setting.
[2017-0-4 13:53:24],adidas.co.uk,Image generating error Error: PhantomJS did not respond within the given timeout setting.
[2017-0-5 1:09:40],macys.com,Image generating error Error: PhantomJS did not respond within the given timeout setting.
[2017-0-5 5:30:09],gilt.com,Image generating error Error: PhantomJS did not respond within the given timeout setting.
[2017-0-5 13:33:57],adidas.co.uk,Image generating error Error: PhantomJS did not respond within the given timeout setting.
[2017-0-6 1:07:40],macys.com,Image generating error Error: PhantomJS did not respond within the given timeout setting.
[2017-0-6 5:28:00],gilt.com,Image generating error Error: PhantomJS did not respond within the given timeout setting.
[2017-0-6 13:33:39],adidas.co.uk,Image generating error Error: PhantomJS did not respond within the given timeout setting.
[2017-0-7 1:07:29],macys.com,Image generating error Error: PhantomJS did not respond within the given timeout setting.
[2017-0-7 5:28:47],gilt.com,Image generating error Error: PhantomJS did not respond within the given timeout setting.
[2017-0-7 11:59:41],barnesandnoble.com,Image generating error Error: PhantomJS did not respond within the given timeout setting.
[2017-0-7 13:40:35],adidas.co.uk,Image generating error Error: PhantomJS did not respond within the given timeout setting.
[2017-0-8 1:16:25],macys.com,Image generating error Error: PhantomJS did not respond within the given timeout setting.
[2017-0-8 5:35:19],gilt.com,Image generating error Error: PhantomJS did not respond within the given timeout setting.
[2017-0-8 12:02:52],barnesandnoble.com,Image generating error Error: PhantomJS did not respond within the given timeout setting.
[2017-0-8 13:42:22],adidas.co.uk,Image generating error Error: PhantomJS did not respond within the given timeout setting.
[2017-0-9 1:09:01],macys.com,Image generating error Error: PhantomJS did not respond within the given timeout setting.
[2017-0-9 5:28:02],gilt.com,Image generating error Error: PhantomJS did not respond within the given timeout setting.
[2017-0-9 13:36:36],adidas.co.uk,Image generating error Error: PhantomJS did not respond within the given timeout setting.
[2017-0-9 18:43:07],thedreslyn.com,Image generating error Error: PhantomJS did not respond within the given timeout setting.
[2017-0-10 1:17:47],macys.com,Image generating error Error: PhantomJS did not respond within the given timeout setting.
[2017-0-10 5:38:04],gilt.com,Image generating error Error: PhantomJS did not respond within the given timeout setting.
[2017-0-10 13:47:54],adidas.co.uk,Image generating error Error: PhantomJS did not respond within the given timeout setting.
[2017-0-11 1:11:10],macys.com,Image generating error Error: PhantomJS did not respond within the given timeout setting.
[2017-0-11 5:31:54],gilt.com,Image generating error Error: PhantomJS did not respond within the given timeout setting.
[2017-0-11 11:58:56],barnesandnoble.com,Image generating error Error: PhantomJS did not respond within the given timeout setting.
[2017-0-11 13:40:39],adidas.co.uk,Image generating error Error: PhantomJS did not respond within the given timeout setting.
[2017-0-12 1:17:44],macys.com,Image generating error Error: PhantomJS did not respond within the given timeout setting.
[2017-0-12 5:42:44],gilt.com,Image generating error Error: PhantomJS did not respond within the given timeout setting.
[2017-0-12 12:15:30],barnesandnoble.com,Image generating error Error: PhantomJS did not respond within the given timeout setting.
[2017-0-13 1:16:48],macys.com,Image generating error Error: PhantomJS did not respond within the given timeout setting.
[2017-0-13 5:35:21],gilt.com,Image generating error Error: PhantomJS did not respond within the given timeout setting.
[2017-0-13 12:09:50],barnesandnoble.com,Image generating error Error: PhantomJS did not respond within the given timeout setting.
[2017-0-14 1:01:52],mbt.com,Image generating error Error: PhantomJS did not respond within the given timeout setting.
[2017-0-14 1:24:23],macys.com,Image generating error Error: PhantomJS did not respond within the given timeout setting.
[2017-0-14 4:07:10],interstatemusic.com,Image generating error Error: PhantomJS did not respond within the given timeout setting.
[2017-0-14 4:44:04],hockeymonkey.com,Image generating error Error: PhantomJS did not respond within the given timeout setting.
[2017-0-14 6:01:03],gilt.com,Image generating error Error: PhantomJS did not respond within the given timeout setting.
[2017-0-14 12:29:00],barnesandnoble.com,Image generating error Error: PhantomJS did not respond within the given timeout setting.
[2017-0-15 1:13:24],macys.com,Image generating error Error: PhantomJS did not respond within the given timeout setting.
[2017-0-15 5:38:01],gilt.com,Image generating error Error: PhantomJS did not respond within the given timeout setting.
[2017-0-15 9:47:49],cbsstore.com,Image generating error Error: PhantomJS did not respond within the given timeout setting.
[2017-0-15 12:17:19],barnesandnoble.com,Image generating error Error: PhantomJS did not respond within the given timeout setting.
[2017-0-16 0:54:48],mbt.com,Image generating error Error: PhantomJS did not respond within the given timeout setting.
[2017-0-16 1:18:32],macys.com,Image generating error Error: PhantomJS did not respond within the given timeout setting.
[2017-0-16 3:14:16],juicycouture.com,Image generating error Error: PhantomJS did not respond within the given timeout setting.
[2017-0-16 4:03:55],interstatemusic.com,Image generating error Error: PhantomJS did not respond within the given timeout setting.
[2017-0-16 4:40:40],hockeymonkey.com,Image generating error Error: PhantomJS did not respond within the given timeout setting.
[2017-0-16 5:56:50],gilt.com,Image generating error Error: PhantomJS did not respond within the given timeout setting.
[2017-0-16 7:58:46],dkny.com,Image generating error Error: PhantomJS did not respond within the given timeout setting.
[2017-0-16 12:33:48],barnesandnoble.com,Image generating error Error: PhantomJS did not respond within the given timeout setting.
[2017-0-16 16:17:43],yvesrocherusa.com,Image generating error Error: PhantomJS did not respond within the given timeout setting.
[2017-0-17 23:15:23],pet360.com,Image generating error Error: PhantomJS did not respond within the given timeout setting.
[2017-0-17 1:42:18],macys.com,Image generating error Error: PhantomJS did not respond within the given timeout setting.
[2017-0-17 6:06:03],gilt.com,Image generating error Error: PhantomJS did not respond within the given timeout setting.
[2017-0-17 7:08:39],fanzz.com,Image generating error Error: PhantomJS did not respond within the given timeout setting.
[2017-0-17 10:04:28],cicihot.com,Image generating error Error: PhantomJS did not respond within the given timeout setting.
[2017-0-17 13:04:17],barnesandnoble.com,Image generating error Error: PhantomJS did not respond within the given timeout setting.
[2017-0-17 18:03:15],toppik.com,Image generating error Error: PhantomJS did not respond within the given timeout setting.
[2017-0-18 1:29:50],macys.com,Image generating error Error: PhantomJS did not respond within the given timeout setting.
[2017-0-18 5:53:45],gilt.com,Image generating error Error: PhantomJS did not respond within the given timeout setting.
[2017-0-18 12:34:39],barnesandnoble.com,Image generating error Error: PhantomJS did not respond within the given timeout setting.
[2017-0-19 1:15:01],macys.com,Image generating error Error: PhantomJS did not respond within the given timeout setting.
[2017-0-19 1:55:11],littlemissmatched.com,Image generating error Error: PhantomJS did not respond within the given timeout setting.
[2017-0-19 5:48:21],gilt.com,Image generating error Error: PhantomJS did not respond within the given timeout setting.
[2017-0-19 12:38:32],barnesandnoble.com,Image generating error Error: PhantomJS did not respond within the given timeout setting.
[2017-0-20 1:16:04],macys.com,Image generating error Error: PhantomJS did not respond within the given timeout setting.
[2017-0-20 5:45:01],gilt.com,Image generating error Error: PhantomJS did not respond within the given timeout setting.
[2017-0-20 12:31:43],barnesandnoble.com,Image generating error Error: PhantomJS did not respond within the given timeout setting.
[2017-0-20 13:41:42],allenedmonds.com,Image generating error Error: PhantomJS did not respond within the given timeout setting.
[2017-0-21 1:17:38],macys.com,Image generating error Error: PhantomJS did not respond within the given timeout setting.
[2017-0-21 5:37:03],gilt.com,Image generating error Error: PhantomJS did not respond within the given timeout setting.
[2017-0-21 12:06:10],barnesandnoble.com,Image generating error Error: PhantomJS did not respond within the given timeout setting.
[2017-0-22 1:19:51],macys.com,Image generating error Error: PhantomJS did not respond within the given timeout setting.
[2017-0-22 5:46:29],gilt.com,Image generating error Error: PhantomJS did not respond within the given timeout setting.
[2017-0-22 12:17:11],barnesandnoble.com,Image generating error Error: PhantomJS did not respond within the given timeout setting.
[2017-0-23 1:12:15],macys.com,Image generating error Error: PhantomJS did not respond within the given timeout setting.
[2017-0-23 5:33:46],gilt.com,Image generating error Error: PhantomJS did not respond within the given timeout setting.
[2017-0-24 1:14:15],macys.com,Image generating error Error: PhantomJS did not respond within the given timeout setting.
[2017-0-24 5:38:50],gilt.com,Image generating error Error: PhantomJS did not respond within the given timeout setting.
[2017-0-24 12:08:05],barnesandnoble.com,Image generating error Error: PhantomJS did not respond within the given timeout setting.
[2017-0-25 1:13:13],macys.com,Image generating error Error: PhantomJS did not respond within the given timeout setting.
[2017-0-25 1:26:27],lumobodytech.com,Image generating error Error: PhantomJS did not respond within the given timeout setting.
[2017-0-25 5:43:04],gilt.com,Image generating error Error: PhantomJS did not respond within the given timeout setting.
[2017-0-25 12:12:45],barnesandnoble.com,Image generating error Error: PhantomJS did not respond within the given timeout setting.
[2017-0-26 1:11:38],macys.com,Image generating error Error: PhantomJS did not respond within the given timeout setting.
[2017-0-26 5:33:43],gilt.com,Image generating error Error: PhantomJS did not respond within the given timeout setting.
[2017-0-26 12:01:44],barnesandnoble.com,Image generating error Error: PhantomJS did not respond within the given timeout setting.
[2017-0-27 1:05:24],macys.com,Image generating error Error: PhantomJS did not respond within the given timeout setting.
[2017-0-27 5:36:55],gilt.com,Image generating error Error: PhantomJS did not respond within the given timeout setting.
[2017-0-28 1:14:49],macys.com,Image generating error Error: PhantomJS did not respond within the given timeout setting.
[2017-0-28 5:34:33],gilt.com,Image generating error Error: PhantomJS did not respond within the given timeout setting.
[2017-0-28 11:11:56],biondacastana.com,Image generating error Error: PhantomJS did not respond within the given timeout setting.
[2017-0-28 12:05:39],barnesandnoble.com,Image generating error Error: PhantomJS did not respond within the given timeout setting.
[2017-0-29 1:10:02],macys.com,Image generating error Error: PhantomJS did not respond within the given timeout setting.
[2017-0-29 5:30:03],gilt.com,Image generating error Error: PhantomJS did not respond within the given timeout setting.
[2017-0-29 11:13:04],biondacastana.com,Image generating error Error: PhantomJS did not respond within the given timeout setting.
[2017-0-30 1:10:47],macys.com,Image generating error Error: PhantomJS did not respond within the given timeout setting.
[2017-0-30 5:33:04],gilt.com,Image generating error Error: PhantomJS did not respond within the given timeout setting.
[2017-0-30 5:54:06],funslurp.com,Image generating error Error: PhantomJS did not respond within the given timeout setting.
[2017-0-30 11:21:49],biondacastana.com,Image generating error Error: PhantomJS did not respond within the given timeout setting.
[2017-0-30 12:15:33],barnesandnoble.com,Image generating error Error: PhantomJS did not respond within the given timeout setting.
[2017-0-31 1:18:22],macys.com,Image generating error Error: PhantomJS did not respond within the given timeout setting.
[2017-0-31 5:34:57],gilt.com,Image generating error Error: PhantomJS did not respond within the given timeout setting.
[2017-0-31 12:04:21],barnesandnoble.com,Image generating error Error: PhantomJS did not respond within the given timeout setting.
[2017-0-1 21:26:26],sallybeauty.com,Image generating error Error: PhantomJS did not respond within the given timeout setting.
[2017-1-1 1:10:23],macys.com,Image generating error Error: PhantomJS did not respond within the given timeout setting.
[2017-1-1 5:30:39],gilt.com,Image generating error Error: PhantomJS did not respond within the given timeout setting.
[2017-1-1 12:00:04],barnesandnoble.com,Image generating error Error: PhantomJS did not respond within the given timeout setting.
[2017-1-1 13:42:59],accessorygeeks.com,Image generating error Error: PhantomJS did not respond within the given timeout setting.
[2017-1-2 1:06:31],macys.com,Image generating error Error: PhantomJS did not respond within the given timeout setting.
[2017-1-2 5:42:38],gilt.com,Image generating error Error: PhantomJS did not respond within the given timeout setting.
[2017-1-2 12:13:33],barnesandnoble.com,Image generating error Error: PhantomJS did not respond within the given timeout setting.
[2017-1-3 1:07:00],macys.com,Image generating error Error: PhantomJS did not respond within the given timeout setting.
[2017-1-3 5:32:18],gilt.com,Image generating error Error: PhantomJS did not respond within the given timeout setting.
[2017-1-3 12:00:04],barnesandnoble.com,Image generating error Error: PhantomJS did not respond within the given timeout setting.
[2017-1-4 1:06:03],macys.com,Image generating error Error: PhantomJS did not respond within the given timeout setting.
[2017-1-4 5:26:48],gilt.com,Image generating error Error: PhantomJS did not respond within the given timeout setting.
[2017-1-4 11:52:31],barnesandnoble.com,Image generating error Error: PhantomJS did not respond within the given timeout setting.
[2017-1-4 16:14:36],zooshoo.com,Image generating error Error: PhantomJS did not respond within the given timeout setting.
[2017-1-5 1:11:20],macys.com,Image generating error Error: PhantomJS did not respond within the given timeout setting.
[2017-1-5 5:30:52],gilt.com,Image generating error Error: PhantomJS did not respond within the given timeout setting.
[2017-1-5 11:57:05],barnesandnoble.com,Image generating error Error: PhantomJS did not respond within the given timeout setting.
[2017-1-6 1:09:13],macys.com,Image generating error Error: PhantomJS did not respond within the given timeout setting.
[2017-1-6 5:31:51],gilt.com,Image generating error Error: PhantomJS did not respond within the given timeout setting.
[2017-1-6 11:57:34],barnesandnoble.com,Image generating error Error: PhantomJS did not respond within the given timeout setting.
[2017-1-7 1:07:01],macys.com,Image generating error Error: PhantomJS did not respond within the given timeout setting.
[2017-1-7 1:20:14],lumobodytech.com,Image generating error Error: PhantomJS did not respond within the given timeout setting.
[2017-1-7 5:32:43],gilt.com,Image generating error Error: PhantomJS did not respond within the given timeout setting.
[2017-1-7 12:01:50],barnesandnoble.com,Image generating error Error: PhantomJS did not respond within the given timeout setting.
[2017-1-8 1:10:27],macys.com,Image generating error Error: PhantomJS did not respond within the given timeout setting.
[2017-1-8 5:33:17],gilt.com,Image generating error Error: PhantomJS did not respond within the given timeout setting.
[2017-1-9 1:14:13],macys.com,Image generating error Error: PhantomJS did not respond within the given timeout setting.
[2017-1-9 5:28:55],gnc.com,Image generating error Error: PhantomJS did not respond within the given timeout setting.
[2017-1-9 5:42:10],gilt.com,Image generating error Error: PhantomJS did not respond within the given timeout setting.
[2017-1-10 1:11:09],macys.com,Image generating error Error: PhantomJS did not respond within the given timeout setting.
[2017-1-10 5:23:31],gnc.com,Image generating error Error: PhantomJS did not respond within the given timeout setting.
[2017-1-10 5:36:46],gilt.com,Image generating error Error: PhantomJS did not respond within the given timeout setting.
[2017-1-10 12:06:27],barnesandnoble.com,Image generating error Error: PhantomJS did not respond within the given timeout setting.
[2017-1-11 1:10:01],macys.com,Image generating error Error: PhantomJS did not respond within the given timeout setting.
[2017-1-11 5:21:10],gnc.com,Image generating error Error: PhantomJS did not respond within the given timeout setting.
[2017-1-11 5:34:24],gilt.com,Image generating error Error: PhantomJS did not respond within the given timeout setting.
[2017-1-11 11:58:55],barnesandnoble.com,Image generating error Error: PhantomJS did not respond within the given timeout setting.
[2017-1-12 1:07:28],macys.com,Image generating error Error: PhantomJS did not respond within the given timeout setting.
[2017-1-12 5:24:40],gnc.com,Image generating error Error: PhantomJS did not respond within the given timeout setting.
[2017-1-12 5:37:55],gilt.com,Image generating error Error: PhantomJS did not respond within the given timeout setting.
[2017-1-12 12:04:53],barnesandnoble.com,Image generating error Error: PhantomJS did not respond within the given timeout setting.
[2017-1-13 1:09:04],macys.com,Image generating error Error: PhantomJS did not respond within the given timeout setting.
[2017-1-13 5:20:44],gnc.com,Image generating error Error: PhantomJS did not respond within the given timeout setting.
[2017-1-13 5:33:59],gilt.com,Image generating error Error: PhantomJS did not respond within the given timeout setting.
[2017-1-13 12:00:31],barnesandnoble.com,Image generating error Error: PhantomJS did not respond within the given timeout setting.
[2017-1-14 1:07:38],macys.com,Image generating error Error: PhantomJS did not respond within the given timeout setting.
[2017-1-14 5:21:25],gnc.com,Image generating error Error: PhantomJS did not respond within the given timeout setting.
[2017-1-14 5:34:52],gilt.com,Image generating error Error: PhantomJS did not respond within the given timeout setting.
[2017-1-14 12:02:40],barnesandnoble.com,Image generating error Error: PhantomJS did not respond within the given timeout setting.
[2017-1-15 1:12:03],macys.com,Image generating error Error: PhantomJS did not respond within the given timeout setting.
[2017-1-15 5:24:55],gnc.com,Image generating error Error: PhantomJS did not respond within the given timeout setting.
[2017-1-15 5:38:13],gilt.com,Image generating error Error: PhantomJS did not respond within the given timeout setting.
[2017-1-15 6:39:08],fanzz.com,Image generating error Error: PhantomJS did not respond within the given timeout setting.
[2017-1-16 1:28:45],macys.com,Image generating error Error: PhantomJS did not respond within the given timeout setting.
[2017-1-17 1:12:19],macys.com,Image generating error Error: PhantomJS did not respond within the given timeout setting.
[2017-1-17 5:24:07],gnc.com,Image generating error Error: PhantomJS did not respond within the given timeout setting.
[2017-1-17 5:37:23],gilt.com,Image generating error Error: PhantomJS did not respond within the given timeout setting.
[2017-1-17 12:03:21],barnesandnoble.com,Image generating error Error: PhantomJS did not respond within the given timeout setting.
[2017-1-18 21:40:42],royalrobbins.com,Image generating error Error: PhantomJS did not respond within the given timeout setting.
[2017-1-18 1:14:04],macys.com,Image generating error Error: PhantomJS did not respond within the given timeout setting.
[2017-1-18 1:27:17],lumobodytech.com,Image generating error Error: PhantomJS did not respond within the given timeout setting.
[2017-1-18 5:31:20],gnc.com,Image generating error Error: PhantomJS did not respond within the given timeout setting.
[2017-1-18 5:44:45],gilt.com,Image generating error Error: PhantomJS did not respond within the given timeout setting.
[2017-1-18 12:09:21],barnesandnoble.com,Image generating error Error: PhantomJS did not respond within the given timeout setting.
[2017-1-19 1:08:56],macys.com,Image generating error Error: PhantomJS did not respond within the given timeout setting.
[2017-1-19 5:23:40],gnc.com,Image generating error Error: PhantomJS did not respond within the given timeout setting.
[2017-1-19 5:36:59],gilt.com,Image generating error Error: PhantomJS did not respond within the given timeout setting.
[2017-1-20 1:16:49],macys.com,Image generating error Error: PhantomJS did not respond within the given timeout setting.
[2017-1-20 5:31:34],gnc.com,Image generating error Error: PhantomJS did not respond within the given timeout setting.
[2017-1-20 5:44:57],gilt.com,Image generating error Error: PhantomJS did not respond within the given timeout setting.
[2017-1-20 6:45:35],fanzz.com,Image generating error Error: PhantomJS did not respond within the given timeout setting.
[2017-1-21 1:13:24],macys.com,Image generating error Error: PhantomJS did not respond within the given timeout setting.
[2017-1-21 5:27:31],gnc.com,Image generating error Error: PhantomJS did not respond within the given timeout setting.
[2017-1-21 5:40:46],gilt.com,Image generating error Error: PhantomJS did not respond within the given timeout setting.
[2017-1-21 12:09:34],barnesandnoble.com,Image generating error Error: PhantomJS did not respond within the given timeout setting.
[2017-1-22 1:07:21],marblesthebrainstore.com,Image generating error Error: PhantomJS did not respond within the given timeout setting.
[2017-1-22 1:20:31],macys.com,Image generating error Error: PhantomJS did not respond within the given timeout setting.
[2017-1-22 5:33:30],gnc.com,Image generating error Error: PhantomJS did not respond within the given timeout setting.
[2017-1-22 5:46:45],gilt.com,Image generating error Error: PhantomJS did not respond within the given timeout setting.
[2017-1-22 12:13:39],barnesandnoble.com,Image generating error Error: PhantomJS did not respond within the given timeout setting.
[2017-1-23 1:17:25],macys.com,Image generating error Error: PhantomJS did not respond within the given timeout setting.
[2017-1-23 1:30:38],lumobodytech.com,Image generating error Error: PhantomJS did not respond within the given timeout setting.
[2017-1-23 5:25:12],greatergood.com,Image generating error Error: PhantomJS did not respond within the given timeout setting.
[2017-1-23 5:45:37],gnc.com,Image generating error Error: PhantomJS did not respond within the given timeout setting.
[2017-1-23 5:58:54],gilt.com,Image generating error Error: PhantomJS did not respond within the given timeout setting.
[2017-1-23 12:29:31],barnesandnoble.com,Image generating error Error: PhantomJS did not respond within the given timeout setting.
[2017-1-23 12:54:59],authenticwatches.com,Image generating error Error: PhantomJS did not respond within the given timeout setting.
[2017-1-23 14:05:41],ahalife.com,Image generating error Error: PhantomJS did not respond within the given timeout setting.
[2017-1-24 1:14:05],macys.com,Image generating error Error: PhantomJS did not respond within the given timeout setting.
[2017-1-24 5:28:13],gnc.com,Image generating error Error: PhantomJS did not respond within the given timeout setting.
[2017-1-24 5:41:28],gilt.com,Image generating error Error: PhantomJS did not respond within the given timeout setting.
[2017-1-25 1:15:35],macys.com,Image generating error Error: PhantomJS did not respond within the given timeout setting.
[2017-1-25 5:37:26],gilt.com,Image generating error Error: PhantomJS did not respond within the given timeout setting.
[2017-1-25 12:08:41],barnesandnoble.com,Image generating error Error: PhantomJS did not respond within the given timeout setting.
[2017-1-26 1:12:09],macys.com,Image generating error Error: PhantomJS did not respond within the given timeout setting.
[2017-1-26 5:25:29],gnc.com,Image generating error Error: PhantomJS did not respond within the given timeout setting.
[2017-1-26 5:38:45],gilt.com,Image generating error Error: PhantomJS did not respond within the given timeout setting.
[2017-1-27 1:11:38],macys.com,Image generating error Error: PhantomJS did not respond within the given timeout setting.
[2017-1-27 5:27:02],gnc.com,Image generating error Error: PhantomJS did not respond within the given timeout setting.
[2017-1-27 5:40:20],gilt.com,Image generating error Error: PhantomJS did not respond within the given timeout setting.
[2017-1-27 12:08:27],barnesandnoble.com,Image generating error Error: PhantomJS did not respond within the given timeout setting.
[2017-1-28 1:13:18],macys.com,Image generating error Error: PhantomJS did not respond within the given timeout setting.
[2017-1-28 5:27:14],gnc.com,Image generating error Error: PhantomJS did not respond within the given timeout setting.
[2017-1-28 5:40:30],gilt.com,Image generating error Error: PhantomJS did not respond within the given timeout setting.
[2017-1-28 12:20:46],barnesandnoble.com,Image generating error Error: PhantomJS did not respond within the given timeout setting.
[2017-1-28 14:13:22],ahalife.com,Image generating error Error: PhantomJS did not respond within the given timeout setting.
[2017-2-1 1:15:23],macys.com,Image generating error Error: PhantomJS did not respond within the given timeout setting.
[2017-2-1 5:29:23],gnc.com,Image generating error Error: PhantomJS did not respond within the given timeout setting.
[2017-2-1 5:42:46],gilt.com,Image generating error Error: PhantomJS did not respond within the given timeout setting.
[2017-2-2 1:10:18],macys.com,Image generating error Error: PhantomJS did not respond within the given timeout setting.
[2017-2-2 5:25:34],gnc.com,Image generating error Error: PhantomJS did not respond within the given timeout setting.
[2017-2-2 5:38:51],gilt.com,Image generating error Error: PhantomJS did not respond within the given timeout setting.
[2017-2-2 5:59:29],gaffos.com,Image generating error Error: PhantomJS did not respond within the given timeout setting.
[2017-2-2 12:13:39],barnesandnoble.com,Image generating error Error: PhantomJS did not respond within the given timeout setting.
[2017-2-3 1:11:25],macys.com,Image generating error Error: PhantomJS did not respond within the given timeout setting.
[2017-2-3 4:06:18],houseofholland.co.uk,Image generating error Error: PhantomJS did not respond within the given timeout setting.
[2017-2-3 5:28:56],gnc.com,Image generating error Error: PhantomJS did not respond within the given timeout setting.
[2017-2-3 5:42:14],gilt.com,Image generating error Error: PhantomJS did not respond within the given timeout setting.
[2017-2-3 12:13:51],barnesandnoble.com,Image generating error Error: PhantomJS did not respond within the given timeout setting.
[2017-2-4 1:16:29],macys.com,Image generating error Error: PhantomJS did not respond within the given timeout setting.
[2017-2-4 5:35:40],gilt.com,Image generating error Error: PhantomJS did not respond within the given timeout setting.
[2017-2-4 12:12:32],barnesandnoble.com,Image generating error Error: PhantomJS did not respond within the given timeout setting.
[2017-2-4 13:47:58],aeropostale.com,Image generating error Error: PhantomJS did not respond within the given timeout setting.
[2017-2-5 1:08:43],macys.com,Image generating error Error: PhantomJS did not respond within the given timeout setting.
[2017-2-6 14:14:56],macys.com,Image generating error Error: PhantomJS did not respond within the given timeout setting.
[2017-2-6 18:38:21],gilt.com,Image generating error Error: PhantomJS did not respond within the given timeout setting.
[2017-2-7 1:12:12],barnesandnoble.com,Image generating error Error: PhantomJS did not respond within the given timeout setting.
[2017-2-7 14:12:43],macys.com,Image generating error Error: PhantomJS did not respond within the given timeout setting.
[2017-2-7 18:35:47],gilt.com,Image generating error Error: PhantomJS did not respond within the given timeout setting.
[2017-2-8 1:03:22],barnesandnoble.com,Image generating error Error: PhantomJS did not respond within the given timeout setting.
[2017-2-8 14:13:32],macys.com,Image generating error Error: PhantomJS did not respond within the given timeout setting.
[2017-2-8 18:35:45],gilt.com,Image generating error Error: PhantomJS did not respond within the given timeout setting.
[2017-2-9 1:02:30],barnesandnoble.com,Image generating error Error: PhantomJS did not respond within the given timeout setting.
[2017-2-9 8:16:47],switchmodern.com,Image generating error Error: PhantomJS did not respond within the given timeout setting.
[2017-2-9 14:19:26],macys.com,Image generating error Error: PhantomJS did not respond within the given timeout setting.
[2017-2-9 18:39:52],gilt.com,Image generating error Error: PhantomJS did not respond within the given timeout setting.
[2017-2-10 6:42:11],truereligion.com,Image generating error Error: PhantomJS did not respond within the given timeout setting.
[2017-2-10 12:02:13],pet360.com,Image generating error Error: PhantomJS did not respond within the given timeout setting.
[2017-2-10 14:24:27],macys.com,Image generating error Error: PhantomJS did not respond within the given timeout setting.
[2017-2-10 18:46:04],gilt.com,Image generating error Error: PhantomJS did not respond within the given timeout setting.
[2017-2-11 1:16:33],barnesandnoble.com,Image generating error Error: PhantomJS did not respond within the given timeout setting.
[2017-2-12 1:16:59],macys.com,Image generating error Error: PhantomJS did not respond within the given timeout setting.
[2017-2-13 1:15:19],macys.com,Image generating error Error: PhantomJS did not respond within the given timeout setting.
[2017-2-13 9:36:34],sundaysomewhere.com,Image generating error Error: PhantomJS did not respond within the given timeout setting.
[2017-2-13 15:24:58],macys.com,Image generating error Error: PhantomJS did not respond within the given timeout setting.
[2017-2-13 19:51:06],gilt.com,Image generating error Error: PhantomJS did not respond within the given timeout setting.
[2017-2-14 2:22:40],barnesandnoble.com,Image generating error Error: PhantomJS did not respond within the given timeout setting.
[2017-2-14 15:19:36],macys.com,Image generating error Error: PhantomJS did not respond within the given timeout setting.
[2017-2-14 19:42:14],gilt.com,Image generating error Error: PhantomJS did not respond within the given timeout setting.
[2017-2-15 2:12:03],barnesandnoble.com,Image generating error Error: PhantomJS did not respond within the given timeout setting.
[2017-2-15 15:09:14],marblesthebrainstore.com,Image generating error Error: PhantomJS did not respond within the given timeout setting.
[2017-2-15 15:22:25],macys.com,Image generating error Error: PhantomJS did not respond within the given timeout setting.
[2017-2-15 19:47:54],gilt.com,Image generating error Error: PhantomJS did not respond within the given timeout setting.
[2017-2-16 2:18:51],barnesandnoble.com,Image generating error Error: PhantomJS did not respond within the given timeout setting.
[2017-2-17 1:15:44],macys.com,Image generating error Error: PhantomJS did not respond within the given timeout setting.
[2017-2-17 7:36:07],dnafootwear.com,Image generating error Error: PhantomJS did not respond within the given timeout setting.
[2017-2-17 12:13:41],barnesandnoble.com,Image generating error Error: PhantomJS did not respond within the given timeout setting.
[2017-2-18 1:21:28],macys.com,Image generating error Error: PhantomJS did not respond within the given timeout setting.
[2017-2-18 6:14:56],forever21.com,Image generating error Error: PhantomJS did not respond within the given timeout setting.
[2017-2-19 1:12:52],macys.com,Image generating error Error: PhantomJS did not respond within the given timeout setting.
[2017-2-19 2:36:25],kobobooks.com,Image generating error Error: PhantomJS did not respond within the given timeout setting.
[2017-2-19 12:01:24],barnesandnoble.com,Image generating error Error: PhantomJS did not respond within the given timeout setting.
[2017-2-20 1:13:58],macys.com,Image generating error Error: PhantomJS did not respond within the given timeout setting.
[2017-2-20 11:58:54],barnesandnoble.com,Image generating error Error: PhantomJS did not respond within the given timeout setting.
[2017-2-21 1:15:35],macys.com,Image generating error Error: PhantomJS did not respond within the given timeout setting.
[2017-2-21 11:57:39],barnesandnoble.com,Image generating error Error: PhantomJS did not respond within the given timeout setting.
[2017-2-21 13:15:14],alibris.com,Image generating error Error: PhantomJS did not respond within the given timeout setting.
[2017-2-22 1:18:56],macys.com,Image generating error Error: PhantomJS did not respond within the given timeout setting.
[2017-2-22 1:32:12],lumobodytech.com,Image generating error Error: PhantomJS did not respond within the given timeout setting.
[2017-2-22 13:25:36],alibris.com,Image generating error Error: PhantomJS did not respond within the given timeout setting.
[2017-2-23 1:11:15],macys.com,Image generating error Error: PhantomJS did not respond within the given timeout setting.
[2017-2-23 11:54:10],barnesandnoble.com,Image generating error Error: PhantomJS did not respond within the given timeout setting.
[2017-2-24 1:20:40],macys.com,Image generating error Error: PhantomJS did not respond within the given timeout setting.
[2017-2-24 9:55:21],carnetdemode.com,Image generating error Error: PhantomJS did not respond within the given timeout setting.
[2017-2-24 12:14:14],barnesandnoble.com,Image generating error Error: PhantomJS did not respond within the given timeout setting.
[2017-2-25 1:18:59],macys.com,Image generating error Error: PhantomJS did not respond within the given timeout setting.
[2017-2-25 12:17:11],barnesandnoble.com,Image generating error Error: PhantomJS did not respond within the given timeout setting.
[2017-2-26 1:44:20],macys.com,Image generating error Error: PhantomJS did not respond within the given timeout setting.
[2017-2-26 12:33:18],barnesandnoble.com,Image generating error Error: PhantomJS did not respond within the given timeout setting.
[2017-2-27 1:19:45],macys.com,Image generating error Error: PhantomJS did not respond within the given timeout setting.
[2017-2-27 12:11:57],barnesandnoble.com,Image generating error Error: PhantomJS did not respond within the given timeout setting.
[2017-2-28 1:20:12],macys.com,Image generating error Error: PhantomJS did not respond within the given timeout setting.
[2017-2-29 1:20:57],macys.com,Image generating error Error: PhantomJS did not respond within the given timeout setting.
[2017-2-29 12:06:34],barnesandnoble.com,Image generating error Error: PhantomJS did not respond within the given timeout setting.
[2017-2-30 1:16:39],macys.com,Image generating error Error: PhantomJS did not respond within the given timeout setting.
[2017-2-30 11:59:18],barnesandnoble.com,Image generating error Error: PhantomJS did not respond within the given timeout setting.
[2017-2-31 1:11:39],macys.com,Image generating error Error: PhantomJS did not respond within the given timeout setting.
[2017-3-1 1:10:21],macys.com,Image generating error Error: PhantomJS did not respond within the given timeout setting.
[2017-3-1 1:23:35],lumobodytech.com,Image generating error Error: PhantomJS did not respond within the given timeout setting.
[2017-3-1 5:33:27],glassesspot.com,Image generating error Error: PhantomJS did not respond within the given timeout setting.
[2017-3-1 12:01:58],barnesandnoble.com,Image generating error Error: PhantomJS did not respond within the given timeout setting.
[2017-3-2 1:12:40],macys.com,Image generating error Error: PhantomJS did not respond within the given timeout setting.
[2017-3-2 11:52:22],barnesandnoble.com,Image generating error Error: PhantomJS did not respond within the given timeout setting.
[2017-3-2 18:02:15],toms.com,Image generating error Error: PhantomJS did not respond within the given timeout setting.
[2017-3-3 1:17:29],macys.com,Image generating error Error: PhantomJS did not respond within the given timeout setting.
[2017-3-3 13:09:23],aliceandolivia.com,Image generating error Error: PhantomJS did not respond within the given timeout setting.
[2017-3-4 1:13:29],macys.com,Image generating error Error: PhantomJS did not respond within the given timeout setting.
[2017-3-5 1:13:55],macys.com,Image generating error Error: PhantomJS did not respond within the given timeout setting.
[2017-3-5 1:33:34],luisaviaroma.com,Image generating error Error: PhantomJS did not respond within the given timeout setting.
[2017-3-5 12:03:42],barnesandnoble.com,Image generating error Error: PhantomJS did not respond within the given timeout setting.
[2017-3-6 1:14:03],macys.com,Image generating error Error: PhantomJS did not respond within the given timeout setting.
[2017-3-6 1:33:35],luisaviaroma.com,Image generating error Error: PhantomJS did not respond within the given timeout setting.
[2017-3-6 12:02:52],barnesandnoble.com,Image generating error Error: PhantomJS did not respond within the given timeout setting.
[2017-3-7 1:14:06],macys.com,Image generating error Error: PhantomJS did not respond within the given timeout setting.
[2017-3-7 1:33:41],luisaviaroma.com,Image generating error Error: PhantomJS did not respond within the given timeout setting.
[2017-3-8 1:12:21],macys.com,Image generating error Error: PhantomJS did not respond within the given timeout setting.
[2017-3-8 1:31:51],luisaviaroma.com,Image generating error Error: PhantomJS did not respond within the given timeout setting.
[2017-3-8 11:57:51],barnesandnoble.com,Image generating error Error: PhantomJS did not respond within the given timeout setting.
[2017-3-9 1:10:22],macys.com,Image generating error Error: PhantomJS did not respond within the given timeout setting.
[2017-3-9 1:30:57],luisaviaroma.com,Image generating error Error: PhantomJS did not respond within the given timeout setting.
[2017-3-10 1:12:11],macys.com,Image generating error Error: PhantomJS did not respond within the given timeout setting.
[2017-3-10 1:31:42],luisaviaroma.com,Image generating error Error: PhantomJS did not respond within the given timeout setting.
[2017-3-11 1:12:38],macys.com,Image generating error Error: PhantomJS did not respond within the given timeout setting.
[2017-3-11 1:25:50],lumobodytech.com,Image generating error Error: PhantomJS did not respond within the given timeout setting.
[2017-3-11 1:37:35],luisaviaroma.com,Image generating error Error: PhantomJS did not respond within the given timeout setting.
[2017-3-12 1:11:18],macys.com,Image generating error Error: PhantomJS did not respond within the given timeout setting.
[2017-3-12 1:30:48],luisaviaroma.com,Image generating error Error: PhantomJS did not respond within the given timeout setting.
[2017-3-12 11:54:09],barnesandnoble.com,Image generating error Error: PhantomJS did not respond within the given timeout setting.
[2017-3-13 1:10:59],macys.com,Image generating error Error: PhantomJS did not respond within the given timeout setting.
[2017-3-13 1:30:29],luisaviaroma.com,Image generating error Error: PhantomJS did not respond within the given timeout setting.
[2017-3-14 1:11:17],macys.com,Image generating error Error: PhantomJS did not respond within the given timeout setting.
[2017-3-14 1:30:49],luisaviaroma.com,Image generating error Error: PhantomJS did not respond within the given timeout setting.
[2017-3-15 1:12:08],macys.com,Image generating error Error: PhantomJS did not respond within the given timeout setting.
[2017-3-15 1:34:48],luisaviaroma.com,Image generating error Error: PhantomJS did not respond within the given timeout setting.
[2017-3-15 11:59:22],barnesandnoble.com,Image generating error Error: PhantomJS did not respond within the given timeout setting.
[2017-3-16 1:15:15],macys.com,Image generating error Error: PhantomJS did not respond within the given timeout setting.
[2017-3-16 1:34:53],luisaviaroma.com,Image generating error Error: PhantomJS did not respond within the given timeout setting.
[2017-3-17 1:09:41],macys.com,Image generating error Error: PhantomJS did not respond within the given timeout setting.
[2017-3-17 1:30:13],luisaviaroma.com,Image generating error Error: PhantomJS did not respond within the given timeout setting.
[2017-3-18 1:11:14],macys.com,Image generating error Error: PhantomJS did not respond within the given timeout setting.
[2017-3-18 1:30:44],luisaviaroma.com,Image generating error Error: PhantomJS did not respond within the given timeout setting.
[2017-3-18 17:29:35],us-mattress.com,Image generating error Error: PhantomJS did not respond within the given timeout setting.
[2017-3-18 17:41:21],unbeatablesale.com,Image generating error Error: PhantomJS did not respond within the given timeout setting.
[2017-3-19 1:28:06],macys.com,Image generating error Error: PhantomJS did not respond within the given timeout setting.
[2017-3-19 1:47:35],luisaviaroma.com,Image generating error Error: PhantomJS did not respond within the given timeout setting.
[2017-3-19 12:37:33],azaleasf.com,Image generating error Error: PhantomJS did not respond within the given timeout setting.
[2017-3-20 22:39:45],rakuten.com,Image generating error Error: PhantomJS did not respond within the given timeout setting.
[2017-3-20 0:41:11],mychelle.com,Image generating error Error: PhantomJS did not respond within the given timeout setting.
[2017-3-20 1:51:18],macys.com,Image generating error Error: PhantomJS did not respond within the given timeout setting.
[2017-3-20 2:10:53],luisaviaroma.com,Image generating error Error: PhantomJS did not respond within the given timeout setting.
[2017-3-20 10:23:45],carnetdemode.com,Image generating error Error: PhantomJS did not respond within the given timeout setting.
[2017-3-21 22:17:17],rakuten.com,Image generating error Error: PhantomJS did not respond within the given timeout setting.
[2017-3-21 1:21:22],macys.com,Image generating error Error: PhantomJS did not respond within the given timeout setting.
[2017-3-21 1:40:57],luisaviaroma.com,Image generating error Error: PhantomJS did not respond within the given timeout setting.
[2017-8-21 14:39:55],saksfifthavenue.com,Image generating error Error: PhantomJS did not respond within the given timeout setting.
[2017-8-21 15:28:31],rakuten.com,Image generating error Error: PhantomJS did not respond within the given timeout setting.
[2017-8-21 18:33:45],macys.com,Image generating error Error: PhantomJS did not respond within the given timeout setting.
[2017-8-21 18:53:31],luisaviaroma.com,Image generating error Error: PhantomJS did not respond within the given timeout setting.
[2017-8-22 23:05:11],gilt.com,Image generating error Error: PhantomJS did not respond within the given timeout setting.
[2017-8-23 22:32:30],saksfifthavenue.com,Image generating error Error: PhantomJS did not respond within the given timeout setting.
[2017-8-23 23:21:21],rakuten.com,Image generating error Error: PhantomJS did not respond within the given timeout setting.
[2017-8-23 0:50:32],officedepot.com,Image generating error Error: PhantomJS did not respond within the given timeout setting.
[2017-8-23 2:30:11],macys.com,Image generating error Error: PhantomJS did not respond within the given timeout setting.
[2017-8-23 2:49:53],luisaviaroma.com,Image generating error Error: PhantomJS did not respond within the given timeout setting.
[2017-8-23 7:03:52],gilt.com,Image generating error Error: PhantomJS did not respond within the given timeout setting.
[2017-10-8 5:49:29],younkers.com,Image generating error Error: PhantomJS did not respond within the given timeout setting.
[2017-10-8 6:46:28],vitacost.com,Image generating error Error: PhantomJS did not respond within the given timeout setting.
[2017-10-8 11:16:49],saksfifthavenue.com,Image generating error Error: PhantomJS did not respond within the given timeout setting.
[2017-10-8 14:27:13],michaelkors.com,Image generating error Error: PhantomJS did not respond within the given timeout setting.
[2017-10-8 15:06:39],macys.com,Image generating error Error: PhantomJS did not respond within the given timeout setting.
[2017-10-8 15:26:12],luisaviaroma.com,Image generating error Error: PhantomJS did not respond within the given timeout setting.
[2017-10-9 19:34:57],gilt.com,Image generating error Error: PhantomJS did not respond within the given timeout setting.
[2017-10-9 23:48:01],carsons.com,Image generating error Error: PhantomJS did not respond within the given timeout setting.
[2017-10-9 3:42:01],adidas.co.uk,Image generating error Error: PhantomJS did not respond within the given timeout setting.
[2017-10-9 5:49:22],younkers.com,Image generating error Error: PhantomJS did not respond within the given timeout setting.
[2017-10-9 6:47:00],vitacost.com,Image generating error Error: PhantomJS did not respond within the given timeout setting.
[2017-10-9 11:15:17],saksfifthavenue.com,Image generating error Error: PhantomJS did not respond within the given timeout setting.
[2017-10-9 14:26:19],michaelkors.com,Image generating error Error: PhantomJS did not respond within the given timeout setting.
[2017-10-9 15:05:26],macys.com,Image generating error Error: PhantomJS did not respond within the given timeout setting.
[2017-10-9 15:25:58],luisaviaroma.com,Image generating error Error: PhantomJS did not respond within the given timeout setting.
[2017-10-10 19:41:19],gilt.com,Image generating error Error: PhantomJS did not respond within the given timeout setting.
[2017-10-10 23:47:55],carsons.com,Image generating error Error: PhantomJS did not respond within the given timeout setting.
[2017-10-10 3:40:09],adidas.co.uk,Image generating error Error: PhantomJS did not respond within the given timeout setting.
[2017-10-10 5:49:21],younkers.com,Image generating error Error: PhantomJS did not respond within the given timeout setting.
[2017-10-10 6:45:53],vitacost.com,Image generating error Error: PhantomJS did not respond within the given timeout setting.
[2017-10-10 11:16:13],saksfifthavenue.com,Image generating error Error: PhantomJS did not respond within the given timeout setting.
[2017-10-10 14:27:30],michaelkors.com,Image generating error Error: PhantomJS did not respond within the given timeout setting.
[2017-10-10 15:06:52],macys.com,Image generating error Error: PhantomJS did not respond within the given timeout setting.
[2017-10-10 15:26:26],luisaviaroma.com,Image generating error Error: PhantomJS did not respond within the given timeout setting.
[2017-10-11 19:39:00],gilt.com,Image generating error Error: PhantomJS did not respond within the given timeout setting.
[2017-10-11 23:45:08],carsons.com,Image generating error Error: PhantomJS did not respond within the given timeout setting.
[2017-10-11 3:39:02],adidas.co.uk,Image generating error Error: PhantomJS did not respond within the given timeout setting.
[2017-10-11 5:49:18],younkers.com,Image generating error Error: PhantomJS did not respond within the given timeout setting.
[2017-10-11 6:45:44],vitacost.com,Image generating error Error: PhantomJS did not respond within the given timeout setting.
[2017-10-11 11:16:33],saksfifthavenue.com,Image generating error Error: PhantomJS did not respond within the given timeout setting.
[2017-10-11 14:27:56],michaelkors.com,Image generating error Error: PhantomJS did not respond within the given timeout setting.
[2017-10-11 15:07:25],macys.com,Image generating error Error: PhantomJS did not respond within the given timeout setting.
[2017-10-11 15:27:05],luisaviaroma.com,Image generating error Error: PhantomJS did not respond within the given timeout setting.
[2017-10-12 19:39:23],gilt.com,Image generating error Error: PhantomJS did not respond within the given timeout setting.
[2017-10-12 23:44:35],carsons.com,Image generating error Error: PhantomJS did not respond within the given timeout setting.
[2017-10-12 3:38:18],adidas.co.uk,Image generating error Error: PhantomJS did not respond within the given timeout setting.
[2017-10-13 2:02:05],younkers.com,Image generating error Error: PhantomJS did not respond within the given timeout setting.
[2017-10-13 2:58:19],vitacost.com,Image generating error Error: PhantomJS did not respond within the given timeout setting.
[2017-10-13 7:30:39],saksfifthavenue.com,Image generating error Error: PhantomJS did not respond within the given timeout setting.
[2017-10-13 10:44:17],michaelkors.com,Image generating error Error: PhantomJS did not respond within the given timeout setting.
[2017-10-13 11:23:43],macys.com,Image generating error Error: PhantomJS did not respond within the given timeout setting.
[2017-10-13 11:43:18],luisaviaroma.com,Image generating error Error: PhantomJS did not respond within the given timeout setting.
[2017-10-13 15:56:05],gilt.com,Image generating error Error: PhantomJS did not respond within the given timeout setting.
[2017-10-14 20:01:41],carsons.com,Image generating error Error: PhantomJS did not respond within the given timeout setting.
[2017-10-14 23:54:43],adidas.co.uk,Image generating error Error: PhantomJS did not respond within the given timeout setting.
[2017-10-14 5:49:19],younkers.com,Image generating error Error: PhantomJS did not respond within the given timeout setting.
[2017-10-14 6:44:59],vitacost.com,Image generating error Error: PhantomJS did not respond within the given timeout setting.
[2017-10-14 11:21:07],saksfifthavenue.com,Image generating error Error: PhantomJS did not respond within the given timeout setting.
[2017-10-14 14:36:39],michaelkors.com,Image generating error Error: PhantomJS did not respond within the given timeout setting.
[2017-10-14 15:16:21],macys.com,Image generating error Error: PhantomJS did not respond within the given timeout setting.
[2017-10-14 15:36:01],luisaviaroma.com,Image generating error Error: PhantomJS did not respond within the given timeout setting.
[2017-10-15 19:52:52],gilt.com,Image generating error Error: PhantomJS did not respond within the given timeout setting.
[2017-10-15 0:01:49],carsons.com,Image generating error Error: PhantomJS did not respond within the given timeout setting.
[2017-10-15 3:57:39],adidas.co.uk,Image generating error Error: PhantomJS did not respond within the given timeout setting.
[2018-2-20 6:24:33],younkers.com,Image generating error Error: PhantomJS did not respond within the given timeout setting.
[2018-2-20 7:20:41],vitacost.com,Image generating error Error: PhantomJS did not respond within the given timeout setting.
[2018-2-20 12:29:06],saksfifthavenue.com,Image generating error Error: PhantomJS did not respond within the given timeout setting.
[2018-2-20 13:28:04],rakuten.com,Image generating error Error: PhantomJS did not respond within the given timeout setting.
[2018-2-20 16:12:26],motivescosmetics.com,Image generating error Error: PhantomJS did not respond within the given timeout setting.
[2018-2-20 16:47:42],michaelkors.com,Image generating error Error: PhantomJS did not respond within the given timeout setting.
[2018-2-20 17:23:24],mandmdirect.de,Image generating error Error: PhantomJS did not respond within the given timeout setting.
[2018-2-20 17:35:08],macys.com,Image generating error Error: PhantomJS did not respond within the given timeout setting.
[2018-2-20 17:56:19],luisaviaroma.com,Image generating error Error: PhantomJS did not respond within the given timeout setting.
[2018-2-21 20:49:08],isotonix.com,Image generating error Error: PhantomJS did not respond within the given timeout setting.
[2018-2-21 22:49:59],gilt.com,Image generating error Error: PhantomJS did not respond within the given timeout setting.
[2018-2-21 2:17:41],coldwatercreek.com,Image generating error Error: PhantomJS did not respond within the given timeout setting.
[2018-2-21 3:16:04],carsons.com,Image generating error Error: PhantomJS did not respond within the given timeout setting.
[2018-2-21 3:45:48],cabelas.com,Image generating error Error: PhantomJS did not respond within the given timeout setting.
[2018-2-21 12:22:34],younkers.com,Image generating error Error: PhantomJS did not respond within the given timeout setting.
[2018-2-21 13:19:22],vitacost.com,Image generating error Error: PhantomJS did not respond within the given timeout setting.
[2018-2-21 18:33:44],saksfifthavenue.com,Image generating error Error: PhantomJS did not respond within the given timeout setting.
[2018-2-21 19:33:00],rakuten.com,Image generating error Error: PhantomJS did not respond within the given timeout setting.
[2018-2-22 22:19:36],motivescosmetics.com,Image generating error Error: PhantomJS did not respond within the given timeout setting.
[2018-2-22 22:55:50],michaelkors.com,Image generating error Error: PhantomJS did not respond within the given timeout setting.
[2018-2-22 23:31:31],mandmdirect.de,Image generating error Error: PhantomJS did not respond within the given timeout setting.
[2018-2-22 23:43:17],macys.com,Image generating error Error: PhantomJS did not respond within the given timeout setting.
[2018-2-22 23:56:36],lumobodytech.com,Image generating error Error: PhantomJS did not respond within the given timeout setting.
[2018-2-22 0:08:22],luisaviaroma.com,Image generating error Error: PhantomJS did not respond within the given timeout setting.
[2018-2-22 3:00:58],isotonix.com,Image generating error Error: PhantomJS did not respond within the given timeout setting.
[2018-2-22 5:02:03],gilt.com,Image generating error Error: PhantomJS did not respond within the given timeout setting.
[2018-2-22 8:28:41],coldwatercreek.com,Image generating error Error: PhantomJS did not respond within the given timeout setting.
[2018-2-22 9:26:49],carsons.com,Image generating error Error: PhantomJS did not respond within the given timeout setting.
[2018-2-22 9:57:43],cabelas.com,Image generating error Error: PhantomJS did not respond within the given timeout setting.
